date,symbol,file,bytes,sha256,source_checksum_ok
2026-07-24,0GUSDT,0GUSDT-1m-2026-07-24.zip,26473,cad0c715f9bbdc657e3825a6e11ab7197d5ae4b98b6b7f96fb087b950b6d1a28,1
2026-07-24,0GUSDT,0GUSDT-aggTrades-2026-07-24.zip,36801,1d2883602a93b62d8d95a51a457ffeaa5e620dc44f0e8cf523606007e8220059,1
2026-07-24,1000CATUSDT,1000CATUSDT-1m-2026-07-24.zip,18674,c474c42159d537ed6196f6faf9c7b4fcbf8cbe5384a2ea9ac27a54642107d278,1
2026-07-24,1000CATUSDT,1000CATUSDT-aggTrades-2026-07-24.zip,20280,97a710a5f9b75a120fddfc11f415460ff62b34ff66afb1137fe6346a30054b96,1
2026-07-24,1000CHEEMSUSDT,1000CHEEMSUSDT-1m-2026-07-24.zip,44707,b64603eafb167e593f95da54fc41bddda41d3c54a82f38d2053abf6cfb9cba9b,1
2026-07-24,1000CHEEMSUSDT,1000CHEEMSUSDT-aggTrades-2026-07-24.zip,361139,496e979dd8418e673a79a461ee21177771125fa2d6541121af44207f632a12c9,1
2026-07-24,1000SATSUSDT,1000SATSUSDT-1m-2026-07-24.zip,25664,226ebd63c8abada33a18424d5af8f8099b3239fe3674d0bc90624f4fa52eb984,1
2026-07-24,1000SATSUSDT,1000SATSUSDT-aggTrades-2026-07-24.zip,41600,150fb9763bdca086b1d6e4f8dae0fe73d83b55e8d9b684762bb93918de00c5c0,1
2026-07-24,1INCHUSDT,1INCHUSDT-1m-2026-07-24.zip,33481,5399123b491ffc5e0a29efe5844243123500669c8a0c2277f1d4c97503cba723,1
2026-07-24,1INCHUSDT,1INCHUSDT-aggTrades-2026-07-24.zip,87752,34a93c20114e5e24c658117c317df5a11eca26f0c35aaf257e06f6656bf7dfaf,1
2026-07-24,1MBABYDOGEUSDT,1MBABYDOGEUSDT-1m-2026-07-24.zip,21261,72522dc23a7802d7f7ca4a9e676afc178ab02bedbcca491dd2b1cb0724c7f7be,1
2026-07-24,1MBABYDOGEUSDT,1MBABYDOGEUSDT-aggTrades-2026-07-24.zip,25842,a4c3eed7a3882e4ba85cf26fa2610ef5db4d0847659e88dd8b06d65d39179d9c,1
2026-07-24,2ZUSDT,2ZUSDT-1m-2026-07-24.zip,23063,5ba4a950c419c8fd6eb112103a3a25a21ee0db4ed2d3c3ae37082852578285fa,1
2026-07-24,2ZUSDT,2ZUSDT-aggTrades-2026-07-24.zip,43549,117af69a7e0e2abb5b62cc0d68ae35865e135307ae1bda9a4b0d1e85b9bf56b3,1
2026-07-24,AAOIBUSDT,AAOIBUSDT-1m-2026-07-24.zip,27223,682efbcd799d8a2d46ced258e0e616339cf43aef6eea16f68ecd8b0cfa85f405,1
2026-07-24,AAOIBUSDT,AAOIBUSDT-aggTrades-2026-07-24.zip,71051,a3742ec8c6dd47cfdaa958b0cfda3dbca37e57a6803f67dc6c3909be5b4ec615,1
2026-07-24,ACEUSDT,ACEUSDT-1m-2026-07-24.zip,47174,906fe88558e7c6a6301787b10ab92d1698d6241f8ad87ce2fe48a92561dc00fe,1
2026-07-24,ACEUSDT,ACEUSDT-aggTrades-2026-07-24.zip,1077276,762734ac191a2151f4b2665c39ae6d1624c2c9e5d6a1346a98d450d1e58f789c,1
2026-07-24,ACHUSDT,ACHUSDT-1m-2026-07-24.zip,24024,c953f9ea7dabddd1195cfb0ba3a6c2441cabe876ca4139f79d24679b717eb5b3,1
2026-07-24,ACHUSDT,ACHUSDT-aggTrades-2026-07-24.zip,40946,d99393cda8df216be7ababd1664f3726ea115b03da7b2b9b7bbe8edb1b46448b,1
2026-07-24,ACMUSDT,ACMUSDT-1m-2026-07-24.zip,22989,94f27d4342beb3ef67bad1733906389a390c17ba6095fd43ff2a8e853f3b6cb5,1
2026-07-24,ACMUSDT,ACMUSDT-aggTrades-2026-07-24.zip,30268,c6af933abdc976b184dc8d5726787ac99eb0ecceb4c869e83a164719407148a7,1
2026-07-24,ACTUSDT,ACTUSDT-1m-2026-07-24.zip,31187,750d9c8b685dcdeb437aa8a5997ab7fa56fa1edcded3ccf1061a467f6e8927cb,1
2026-07-24,ACTUSDT,ACTUSDT-aggTrades-2026-07-24.zip,61806,c7fcd26b59c549e08d7dfbbb0dbf2c756c5361b2c10d8d4494294c02dd43780e,1
2026-07-24,ACXUSDT,ACXUSDT-1m-2026-07-24.zip,29055,279081838f456b4ae04bf1319cbc881b00b578365bd367a6a24617d89c93f8fd,1
2026-07-24,ACXUSDT,ACXUSDT-aggTrades-2026-07-24.zip,178167,df771ad972e9e7bbf12e0d45d5e85f92fad34c645b84614908c64a509847398f,1
2026-07-24,ADXUSDT,ADXUSDT-1m-2026-07-24.zip,29153,735dbba121cc09161b93fa00b3b653d4770dc31f6b39e4bd07282b8a89793ce2,1
2026-07-24,ADXUSDT,ADXUSDT-aggTrades-2026-07-24.zip,68418,7fedc33dcebc251a93b21df261a57e21ac52ef3444dce82b652787c695fb53be,1
2026-07-24,AEVOUSDT,AEVOUSDT-1m-2026-07-24.zip,21856,d9011229afbaf4be325cf3cde1edc718db01afb233c26da643e7ff6ef807c8d6,1
2026-07-24,AEVOUSDT,AEVOUSDT-aggTrades-2026-07-24.zip,28857,ce08ae681fa1618bd168880a16a87ab7ab4fe857fa4d3e674a871868e61e5b64,1
2026-07-24,AGLDUSDT,AGLDUSDT-1m-2026-07-24.zip,26977,f9a3cc49e6a26d86856746f6810c4735bdcb48a02d58361b5901b00e7ef6520e,1
2026-07-24,AGLDUSDT,AGLDUSDT-aggTrades-2026-07-24.zip,52451,4962e08341a2cf624dfd2451d9e07e9e7a3b87a4d8cfde634bbd76c9ce6c7eb8,1
2026-07-24,AIUSDT,AIUSDT-1m-2026-07-24.zip,21836,8888543312b03c3f372712a1c11eb284859fd5b34d06fc24a827c5d4bd58bb55,1
2026-07-24,AIUSDT,AIUSDT-aggTrades-2026-07-24.zip,26607,03bc4ca82e2aeba1f886787d4bf1ef4ac9165506393c55fe5fe4e6d95b43653b,1
2026-07-24,AIXBTUSDT,AIXBTUSDT-1m-2026-07-24.zip,23700,5080c2cd2d194ecf1c4d4b5954dd407c902b32ff3806305ee04584378c1764cd,1
2026-07-24,AIXBTUSDT,AIXBTUSDT-aggTrades-2026-07-24.zip,50038,3366a8c1faf6805e61eb5947d5f80e7bfe0e03a9ab9b7158db085cd1cbcac364,1
2026-07-24,ALGOUSDT,ALGOUSDT-1m-2026-07-24.zip,31795,a8c4522b1dec70a6f6294ba666e88f64f1f696eeda8840fd472c39425dcfca13,1
2026-07-24,ALGOUSDT,ALGOUSDT-aggTrades-2026-07-24.zip,126640,ba22717ca1b899afada32a89617a0693951b26705dd9ea2acd22b08dcc6d81a9,1
2026-07-24,ALICEUSDT,ALICEUSDT-1m-2026-07-24.zip,30422,ffcf3488fda055446252d9fff710d711d9edb3343f7b3e622578597c8c0b43d8,1
2026-07-24,ALICEUSDT,ALICEUSDT-aggTrades-2026-07-24.zip,101840,08c18fcc3bfa5639879a7d2ac30e170c4ec32d5b3daef7844df6dcfb84b504e3,1
2026-07-24,ALPINEUSDT,ALPINEUSDT-1m-2026-07-24.zip,17250,c1f220e1038ad4da5f1d4ed63bab3285372f9bf640c9520104f1d75ae9380bb7,1
2026-07-24,ALPINEUSDT,ALPINEUSDT-aggTrades-2026-07-24.zip,22436,fb2b4319da7599b6962c418988c6ea0d32ca2de02c4d7c33b69406d26650d1c4,1
2026-07-24,ALTUSDT,ALTUSDT-1m-2026-07-24.zip,18103,f872646012f8515f2da693ab37bc967000973b57fc6cab58f3a23bbf49b20f02,1
2026-07-24,ALTUSDT,ALTUSDT-aggTrades-2026-07-24.zip,21845,227bfb1fca996d87866336ea1e88b965a55acff0ea70313a9d39255a25e3f9cd,1
2026-07-24,AMDBUSDT,AMDBUSDT-1m-2026-07-24.zip,27866,3584365ced40a73033236488df420d705c3dacd61605baa4a5cb448ec5c6ab6b,1
2026-07-24,AMDBUSDT,AMDBUSDT-aggTrades-2026-07-24.zip,101744,8aed62c8cd1c03236f6031ce644c330dcdc8f69888e6e1093298749ece8d6315,1
2026-07-24,AMPUSDT,AMPUSDT-1m-2026-07-24.zip,27622,c275bcf7d10cd97dac01770c633e295df2e45b5bbae56c46de091a5271abe096,1
2026-07-24,AMPUSDT,AMPUSDT-aggTrades-2026-07-24.zip,60001,198328e10202ba7c38c219dba0ac2c3bb989ee284e9d90e483b719b8c751e027,1
2026-07-24,ANIMEUSDT,ANIMEUSDT-1m-2026-07-24.zip,21585,71655524e897de5e98e4b6b4c0fcb6aa9411a6142859d1eece88e7ad6b28c814,1
2026-07-24,ANIMEUSDT,ANIMEUSDT-aggTrades-2026-07-24.zip,58444,9b44ef6b30e7a501c206a94bf443cd1c82b768d876f81c506e8737b5322e3eaf,1
2026-07-24,ANKRUSDT,ANKRUSDT-1m-2026-07-24.zip,16597,cf82ba4f2d94f7d98274510f8af84751634750b2c9ee284e055efa95de8823bd,1
2026-07-24,ANKRUSDT,ANKRUSDT-aggTrades-2026-07-24.zip,17571,b1cdd41990868acdd55cfcd4c41cd75f2c2bf58c6973461851600b5aaa4a1935,1
2026-07-24,APEUSDT,APEUSDT-1m-2026-07-24.zip,38085,b3ae0960e9cf3c9cbe204ed124e975729499155aa90b2fee3a81cfd1ae763c5f,1
2026-07-24,APEUSDT,APEUSDT-aggTrades-2026-07-24.zip,142899,d48cb397f683d895efe6336ca94a3a44853c94c9f3cd5276eb1630ba5e8a8d4d,1
2026-07-24,API3USDT,API3USDT-1m-2026-07-24.zip,30027,929d0e450408d42412cc5f7247feb85f56028ae8b7665cfee9ac70b820d459cc,1
2026-07-24,API3USDT,API3USDT-aggTrades-2026-07-24.zip,91488,1143bd28dd49b1d990c62b6a936ca133f3f375bf2c958b8b819036680e2623db,1
2026-07-24,APTUSDT,APTUSDT-1m-2026-07-24.zip,33578,e112d166eb80623432143112f2c0a1c1d116cf85eb05c34e8ce0afae8c8fdb40,1
2026-07-24,APTUSDT,APTUSDT-aggTrades-2026-07-24.zip,98615,1ed38ad21329f3ff025789e10d530ecad764f4739092fae0e363c70ff41f073c,1
2026-07-24,ARBUSDT,ARBUSDT-1m-2026-07-24.zip,38235,daa5327eac96221f3bf6b92288a5d0b82076d9bc67ffc297ed97144a2a3facb8,1
2026-07-24,ARBUSDT,ARBUSDT-aggTrades-2026-07-24.zip,142095,eaecdda43c5113c833a82eee8e203bcafafc6cd9f2168b77092e5bc7a8a55abe,1
2026-07-24,ARKMUSDT,ARKMUSDT-1m-2026-07-24.zip,28241,56e5c8a75ba7ba209369ae848d701a12e6c247efff50ebd4b77a121daa040935,1
2026-07-24,ARKMUSDT,ARKMUSDT-aggTrades-2026-07-24.zip,71120,46af69fb99321f618a73ac76875669ded20dd137f4a1fd5ffd56436fb98d4c9c,1
2026-07-24,ARKUSDT,ARKUSDT-1m-2026-07-24.zip,13764,dcf0a91891abfab6440251e097b964ff79ae9974e85199d952105c5eb258fc0f,1
2026-07-24,ARKUSDT,ARKUSDT-aggTrades-2026-07-24.zip,8777,47a27b7d9082f17f1f145b8cef417e2bc8c44bc067046b865f068f5d78c56381,1
2026-07-24,ARMBUSDT,ARMBUSDT-1m-2026-07-24.zip,21876,f6ec9091325b56bd44c85f02d6cdeadb5670c0aa81bc443cdf999f5085eebfcd,1
2026-07-24,ARMBUSDT,ARMBUSDT-aggTrades-2026-07-24.zip,41816,da95f87e754698d002655d00b9d0f2c78d0e12bddf7f4ecb70d9a8de64379b5f,1
2026-07-24,ARPAUSDT,ARPAUSDT-1m-2026-07-24.zip,22776,db36a914da67e9c19334ef135a45ab95c5039fbf7ad76f783e88d9bc53b5c71e,1
2026-07-24,ARPAUSDT,ARPAUSDT-aggTrades-2026-07-24.zip,37290,022508c5a3845a6f6f3b23118910d3c9cb3481c98e2114941f9629487e347b91,1
2026-07-24,ARUSDT,ARUSDT-1m-2026-07-24.zip,29971,35b448ad5badfbd352fd530d0e5ffa13b3ac72e8d5ab5809d9a95fd8be4a4a88,1
2026-07-24,ARUSDT,ARUSDT-aggTrades-2026-07-24.zip,74770,288ffa3e7a2eab4fb535545df3d5dc4d83817d6932eeda2f2b5cbc68b6be35c8,1
2026-07-24,ASRUSDT,ASRUSDT-1m-2026-07-24.zip,15709,d75a287a8584c02838151093852cfca98cbf613b94f96edc7bafa5b832339d34,1
2026-07-24,ASRUSDT,ASRUSDT-aggTrades-2026-07-24.zip,13458,1202d528701f5587b19237abfce9d7d18a48822763701fc2dc5c404e7dc586ed,1
2026-07-24,ASTERUSDT,ASTERUSDT-1m-2026-07-24.zip,31555,626bbbc21ea30ed25d18603b64a92f01478b040d7f329be09a476144a49b1400,1
2026-07-24,ASTERUSDT,ASTERUSDT-aggTrades-2026-07-24.zip,99801,30f8efa67d8ff1f239a7562bd486b6bcfa5408ce785d379ab6da7da6ce023ff6,1
2026-07-24,ASTRUSDT,ASTRUSDT-1m-2026-07-24.zip,20785,ad2c0f8ee9fa1ddc7b029153b6515fa136d3cd9fb7b0c66c021e7d6429deadd9,1
2026-07-24,ASTRUSDT,ASTRUSDT-aggTrades-2026-07-24.zip,29743,d53663ed833c7ed2c8dd26955929ae3b1fac015bc6f3555877a9d7808026ed22,1
2026-07-24,ATMUSDT,ATMUSDT-1m-2026-07-24.zip,35109,1453b7abb7f966b7444b8bafad35851c16d34bc8d787e53fe54a274f1c817423,1
2026-07-24,ATMUSDT,ATMUSDT-aggTrades-2026-07-24.zip,96742,4abfab30c7d036e8f490ab1cd85af78c6ae2274a24424939387c04dbc32d26b7,1
2026-07-24,ATOMUSDT,ATOMUSDT-1m-2026-07-24.zip,35612,298a4d61f7fbe9ff9f05f775117f1b84dc71e3b245742b54a4ef94db0ed9009e,1
2026-07-24,ATOMUSDT,ATOMUSDT-aggTrades-2026-07-24.zip,123531,5836276a6a9bbd2b64136fb372b14f7a11d918d3da9647f5921cf49b3d222e12,1
2026-07-24,ATUSDT,ATUSDT-1m-2026-07-24.zip,21553,c22a2d212b641c236213c11e9e7f920431ef6e3afaadcdca8f8db5e0fc4921bf,1
2026-07-24,ATUSDT,ATUSDT-aggTrades-2026-07-24.zip,37666,f6eba44158aff951c60fdc8d494e3e0a1b65a18c7ec0b26daa8b55718af3a52e,1
2026-07-24,AUCTIONUSDT,AUCTIONUSDT-1m-2026-07-24.zip,30235,0a63bb8d79aa420997406ee650434fce9b1f65d7ed7aa03b93da6b7ad6a4d745,1
2026-07-24,AUCTIONUSDT,AUCTIONUSDT-aggTrades-2026-07-24.zip,103223,61b40db1bb8c5a5de04f8892ddac01807c626891645b0bcafb48e6f174021858,1
2026-07-24,AUDIOUSDT,AUDIOUSDT-1m-2026-07-24.zip,29578,162ed1695ecbc68a6e4c05f7183d9a5ce372cf7e34f108e774a8c35e687466aa,1
2026-07-24,AUDIOUSDT,AUDIOUSDT-aggTrades-2026-07-24.zip,48118,9e15b22be45ad61987a54daaa3044d78a923810f755004a691afbec812e0b2b5,1
2026-07-24,AUSDT,AUSDT-1m-2026-07-24.zip,38745,186816637c76a2c0225383a6f45a01d43739bc40f827ac4029620c49bc724eb5,1
2026-07-24,AUSDT,AUSDT-aggTrades-2026-07-24.zip,226649,28e9b84bfdd4fa99cfed201bcafb1e517ca3a3a90c7431504caf009713052593,1
2026-07-24,AVAUSDT,AVAUSDT-1m-2026-07-24.zip,24148,c8cfa1a5c9721fa2ecbfa581accf76b6c1a3dab75db06fab2ebf439681aa0e44,1
2026-07-24,AVAUSDT,AVAUSDT-aggTrades-2026-07-24.zip,45430,21e33ad50f19bf65c68e258ac20347df9b8b916073fe7071d788a5504fa3de26,1
2026-07-24,AVGOBUSDT,AVGOBUSDT-1m-2026-07-24.zip,17967,f534506f6ac42a37f99453943b092a4f83dcc25669d486aea674309d66c65d5a,1
2026-07-24,AVGOBUSDT,AVGOBUSDT-aggTrades-2026-07-24.zip,31067,47146ac5895aa29cab12a9c3968b7b9ef19eabde8ae39a16181ff1e2d21fbc98,1
2026-07-24,AVNTUSDT,AVNTUSDT-1m-2026-07-24.zip,21435,d33c7cb42025cdf4b92c726aedcac38f74493263e505d3d29c1c1cd7c5984ba6,1
2026-07-24,AVNTUSDT,AVNTUSDT-aggTrades-2026-07-24.zip,33472,b253acbc96057f89a5036bedcfa7c133e8c56239f8cfe7a8a24d15abd9e8c001,1
2026-07-24,AWEUSDT,AWEUSDT-1m-2026-07-24.zip,17440,45456f4c4eb4bc0dc08fbe93085b5d43b814ce37a8b272ac97638bc441f352c3,1
2026-07-24,AWEUSDT,AWEUSDT-aggTrades-2026-07-24.zip,26909,89cd988104af6ec429f6063ee2bb4161abbe497895c94ed1c9eb35a2004b6a7d,1
2026-07-24,AXLUSDT,AXLUSDT-1m-2026-07-24.zip,16754,fc0a73358b76f78c41cc461287e6a5f26096b47b51455d52a6d9e240b368554d,1
2026-07-24,AXLUSDT,AXLUSDT-aggTrades-2026-07-24.zip,15023,420b9b6b2f81f677d9213b279419400ef6b5d89e739cdbf687197749bd6aedad,1
2026-07-24,AXSUSDT,AXSUSDT-1m-2026-07-24.zip,37897,558799ae0baf0a46a37ace463dd29f857b86c0d7fad07c8544d22363d5af97e3,1
2026-07-24,AXSUSDT,AXSUSDT-aggTrades-2026-07-24.zip,148007,c68a321baf3630a6465cb3dcea908b6a0322a938ffcfd1a04e6ad287a857a761,1
2026-07-24,AXTIBUSDT,AXTIBUSDT-1m-2026-07-24.zip,18459,8f7b8b5167aaa9c6c62de7f446a8aa01febf690683abbffc53d02762476d8282,1
2026-07-24,AXTIBUSDT,AXTIBUSDT-aggTrades-2026-07-24.zip,25663,9d1af39e2ed1a6561f54701332821d408acecd44aac3c8c2592176ec8b34fa25,1
2026-07-24,BABABUSDT,BABABUSDT-1m-2026-07-24.zip,20231,d00a0936b7350492c50bdf47e5e3c8cd7b3231e07a9664efb33bf723c6f2e7ce,1
2026-07-24,BABABUSDT,BABABUSDT-aggTrades-2026-07-24.zip,32089,9e93d488c2d27cbcbef94391baa927822c037e8a6f15203ced490d4e71a3fef4,1
2026-07-24,BABYUSDT,BABYUSDT-1m-2026-07-24.zip,39722,cbd052426a51a5c1db3cfcddf0af31da8b584f6d5a5c664414c707357c6b851a,1
2026-07-24,BABYUSDT,BABYUSDT-aggTrades-2026-07-24.zip,154767,6d56a8af37047180de20adeee1cdb89290879735d2f8d875e17099516fb8718e,1
2026-07-24,BANANAS31USDT,BANANAS31USDT-1m-2026-07-24.zip,35536,ddf4249a5298c10083e87a84f2d1702d47548fe35caa57ae2475dab23e821822,1
2026-07-24,BANANAS31USDT,BANANAS31USDT-aggTrades-2026-07-24.zip,136600,d76390af10ab86bb5bec3db11d2cbf961e1ebba81bed34beeaa9f9d982b83a57,1
2026-07-24,BANANAUSDT,BANANAUSDT-1m-2026-07-24.zip,34736,0496f5dc7ad359872b388025281f6bca73b2b135e8ce30e686c7bdcdda4728e2,1
2026-07-24,BANANAUSDT,BANANAUSDT-aggTrades-2026-07-24.zip,130819,f8765fe01e86e3c4f5e0370ebf875af91261bfd8437ac867277f43764846a522,1
2026-07-24,BANDUSDT,BANDUSDT-1m-2026-07-24.zip,17204,ae7c942e4827194d6f5b5d8ad4569690171bd428c74eac6ec953c86ba8e58b6d,1
2026-07-24,BANDUSDT,BANDUSDT-aggTrades-2026-07-24.zip,21201,9ab5abcf41ae8ee960d1376ed176852e9ae9d74b070c5d463289b48cd697f579,1
2026-07-24,BARDUSDT,BARDUSDT-1m-2026-07-24.zip,40847,ab3be55c37d243e7c425fa7760946a0c85f714e75d3f114234e8cba2b8c64fa1,1
2026-07-24,BARDUSDT,BARDUSDT-aggTrades-2026-07-24.zip,370530,85b87162c3cc627500d95f0341088f9386f01e04ea1cff7f8e24ef9be4efff4a,1
2026-07-24,BARUSDT,BARUSDT-1m-2026-07-24.zip,24077,7b11c2eb71b6786b7354711e6a29bfd1cc3567f262492e8c0e5c8ace447f0d1f,1
2026-07-24,BARUSDT,BARUSDT-aggTrades-2026-07-24.zip,30338,5333a871b1c21e552ab1a423943585471f765394f165c97627c5896bc3ca7fe9,1
2026-07-24,BATUSDT,BATUSDT-1m-2026-07-24.zip,16046,bb2b377ad31c92a0e537bbd007479e72f744cf6ed3ea722febed60237bdc47b6,1
2026-07-24,BATUSDT,BATUSDT-aggTrades-2026-07-24.zip,15768,afe659ac1579854b5ccf2c42d3cdbba6ab2a6f1da50ca212c2074e8b9b063a8c,1
2026-07-24,BBUSDT,BBUSDT-1m-2026-07-24.zip,26359,76acb44788d55fff2c4595ed40d12e4fac1082750c1a35875b3a5c4e60d1e79a,1
2026-07-24,BBUSDT,BBUSDT-aggTrades-2026-07-24.zip,53549,57f6557e87e04b60f7083a2ecb738250cab60a5a82647c2a0116638e805ececa,1
2026-07-24,BEAMXUSDT,BEAMXUSDT-1m-2026-07-24.zip,44598,fd3b17242b193e69c4a1cd39a4394c8afd344bab7a9397aa9558b069f441e275,1
2026-07-24,BEAMXUSDT,BEAMXUSDT-aggTrades-2026-07-24.zip,406851,7c36ce0e16dd2611f84ffe00195211112eb8340b66f8e236d17f548fb193a975,1
2026-07-24,BELUSDT,BELUSDT-1m-2026-07-24.zip,25075,3fdbfd7d6e44db9b50d07db68af99c292cfd24c958ea071f751a67803ba22489,1
2026-07-24,BELUSDT,BELUSDT-aggTrades-2026-07-24.zip,52284,b30faf0490f88503ab4a187bfa31cf8833257aa0e50691e931a86e30dd5c0cdc,1
2026-07-24,BERAUSDT,BERAUSDT-1m-2026-07-24.zip,46325,13080ee233c6f0302eadf2968ea4fdafc75695adb3f47f1273b7e806700900cb,1
2026-07-24,BERAUSDT,BERAUSDT-aggTrades-2026-07-24.zip,279095,afaf38011499013a39872faecd775d0cc8ab8e052e5b56c91d45b148e99ff876,1
2026-07-24,BFUSDUSDT,BFUSDUSDT-1m-2026-07-24.zip,13551,b345f1848fbff45721f1759369ba6b093f2d8da3fe6e4c40e6f314c2cbb3e70e,1
2026-07-24,BFUSDUSDT,BFUSDUSDT-aggTrades-2026-07-24.zip,17121,c3011beeb5ecc73bfded39e2723ab7e876f719263f5b2bca562ec8350d04d5cc,1
2026-07-24,BICOUSDT,BICOUSDT-1m-2026-07-24.zip,26477,3e33f965f6287d87c9ba0f36a0a347a1e07f76aa679496de07b3f251f4e9d327,1
2026-07-24,BICOUSDT,BICOUSDT-aggTrades-2026-07-24.zip,48495,b1f55fabf9ea269f244cf2c3cb6039048e27f99f36cb596f8619125f34462981,1
2026-07-24,BIGTIMEUSDT,BIGTIMEUSDT-1m-2026-07-24.zip,15579,1f17f9363d1287dc15590c78b6826c7782db917162d06371f976d5df97d8dd71,1
2026-07-24,BIGTIMEUSDT,BIGTIMEUSDT-aggTrades-2026-07-24.zip,11234,d59f8bc89247afa3102ee5cad3b885daacf0df623d0e965d238dacebf0cfe505,1
2026-07-24,BIOUSDT,BIOUSDT-1m-2026-07-24.zip,45843,54e08232ae052ae54103c8e062d4dccccedc3f64e3eb229e8ad9c01ac12af421,1
2026-07-24,BIOUSDT,BIOUSDT-aggTrades-2026-07-24.zip,344704,bc2190811d88eb3d32914e1d294479f692c5c2d49edfe3473d4510c097675a45,1
2026-07-24,BLURUSDT,BLURUSDT-1m-2026-07-24.zip,28377,fa15c245919d391f4c7c1be1ae204fd390af9a0efa89a139323962e392e81c33,1
2026-07-24,BLURUSDT,BLURUSDT-aggTrades-2026-07-24.zip,61840,29117bca4017d7a588cea4774392b4057881092f9052e365ffc01ab6111a380b,1
2026-07-24,BMTUSDT,BMTUSDT-1m-2026-07-24.zip,30913,da07d7344fc875af5c75688753092071388f5887383f3c294fae8540b9d52cca,1
2026-07-24,BMTUSDT,BMTUSDT-aggTrades-2026-07-24.zip,89240,5aeab75012d5a38e66b82794fc18c48a2076c724b87e633fcca233d23c101d40,1
2026-07-24,BNSOLUSDT,BNSOLUSDT-1m-2026-07-24.zip,28083,7b081def49bb7e29eb7ea2ab7a7c240f86a928c0f2dd932b7961e755884c556a,1
2026-07-24,BNSOLUSDT,BNSOLUSDT-aggTrades-2026-07-24.zip,77872,8466d25ae77c08e3b6b8997366095a18f1be0c4a1b1faa495547a4fff3927e11,1
2026-07-24,BNTUSDT,BNTUSDT-1m-2026-07-24.zip,13948,24af9ba04a8e735755b87caf4403bab91a3e5b631d23b9066a31912900b181a1,1
2026-07-24,BNTUSDT,BNTUSDT-aggTrades-2026-07-24.zip,19193,eaedf2cd2cd7265a23c63a4a36898f7704c59b4b1e77d130b23e352d346d0ec3,1
2026-07-24,BOMEUSDT,BOMEUSDT-1m-2026-07-24.zip,29295,2c8e7234680623f48396d2df706938187b21f09f3f75e4265d7da02eafcfc20a,1
2026-07-24,BOMEUSDT,BOMEUSDT-aggTrades-2026-07-24.zip,77813,576d03ccd4fc96a53fd7fbfee8f1e166941b113873e30cebe0c3a4a8fdc4cc6e,1
2026-07-24,BONKUSDT,BONKUSDT-1m-2026-07-24.zip,36282,ce635678a94f51dd77fd3dc636f2900788ac0109f6e374442a402659020ef07c,1
2026-07-24,BONKUSDT,BONKUSDT-aggTrades-2026-07-24.zip,91629,7c9726727fd86d2855f180eb2fd595fa33285263087442d6901f06858dcee8d1,1
2026-07-24,BREVUSDT,BREVUSDT-1m-2026-07-24.zip,23666,6fcc29e7a92c73a80586eb7e8e7bd670d58df85c2773f1f7ed136fae6943c7e8,1
2026-07-24,BREVUSDT,BREVUSDT-aggTrades-2026-07-24.zip,33158,efb93173225366bb0a3ff20c230c8f47edf47f7c5c27f906be96cbaa58570ea1,1
2026-07-24,BROCCOLI714USDT,BROCCOLI714USDT-1m-2026-07-24.zip,23016,98b571887d2a2cbbd52dd12177d38f7864896a79983634e0571418eff0b7fe95,1
2026-07-24,BROCCOLI714USDT,BROCCOLI714USDT-aggTrades-2026-07-24.zip,38363,3c0676d9c43768c7d6df28d5ec5a3ab9325fe234434f72a81c965edf6eb182e5,1
2026-07-24,BTTCUSDT,BTTCUSDT-1m-2026-07-24.zip,30643,414ca96a57ac39b0f93de82e8b07100dbe15600a6b05a210b8528f9ce2154a36,1
2026-07-24,BTTCUSDT,BTTCUSDT-aggTrades-2026-07-24.zip,94125,03fba5908d48db54d89e281b9715fb76152be3e1d5141e889ef1d909cd983752,1
2026-07-24,C98USDT,C98USDT-1m-2026-07-24.zip,19456,3e8facda8cf30e4d661245c70ec0bc66da89d5decf327497d9ef6d8262f0d6cd,1
2026-07-24,C98USDT,C98USDT-aggTrades-2026-07-24.zip,22263,5a4488288c3d92bbcd4fd651c4994534c61def8e91cd820772c2d20871b1848e,1
2026-07-24,CAKEUSDT,CAKEUSDT-1m-2026-07-24.zip,37412,7a2088a4dc289ce3254769f72dfc5f6d20d5000ce46d21f5267be7e92e27225f,1
2026-07-24,CAKEUSDT,CAKEUSDT-aggTrades-2026-07-24.zip,129835,a97de1d182ae928ad249baa686d08ce0e535accb0d3f9cfa72ff86546d82df51,1
2026-07-24,CATIUSDT,CATIUSDT-1m-2026-07-24.zip,27523,04a21b4fb9a71f0f10d5505fc3c703009f4ae786f0e97275659bfef3979a862d,1
2026-07-24,CATIUSDT,CATIUSDT-aggTrades-2026-07-24.zip,71205,087745af41a1002e41bc7eeefb5e6eb76a964bb99a01c54683512ebeb132b96e,1
2026-07-24,CBRSBUSDT,CBRSBUSDT-1m-2026-07-24.zip,21348,9bbb9607d731b14972c337d95f0812b9a492770439fa474bc9f0ce8150369520,1
2026-07-24,CBRSBUSDT,CBRSBUSDT-aggTrades-2026-07-24.zip,50484,e1281c78fde8bdd092a22ad807912d7eaf4136e0d99d1080767548d54746aced,1
2026-07-24,CELRUSDT,CELRUSDT-1m-2026-07-24.zip,42727,9729c28d6b52cbd3244b95377543d239bf2a0ccb110962b068a350787e6c4857,1
2026-07-24,CELRUSDT,CELRUSDT-aggTrades-2026-07-24.zip,237165,7aa1a0491b9f9fe29502f0570bbd0611a997e026dc5efad13aa6c1765672e4fe,1
2026-07-24,CETUSUSDT,CETUSUSDT-1m-2026-07-24.zip,21607,8565d881244a120d4f0b9c60aba9af921cd85d8e559fd1cdd2f1b2954a2108c9,1
2026-07-24,CETUSUSDT,CETUSUSDT-aggTrades-2026-07-24.zip,26256,2e4b597e640a06ee98e4b30f6736f6bfbfd374134c5cbc95b7a6c5e274cb6710,1
2026-07-24,CFGUSDT,CFGUSDT-1m-2026-07-24.zip,33262,8d9f83206fbd4bac3510e0217761fd8a282493c4f89ffd9bfebae99fabc59b5b,1
2026-07-24,CFGUSDT,CFGUSDT-aggTrades-2026-07-24.zip,118884,8d631a3281f980987e1a6343255c01c5508b8dae74cc5e8c1929c28bcff86953,1
2026-07-24,CFXUSDT,CFXUSDT-1m-2026-07-24.zip,31532,cffbcdfe0a3f36f248dfac0a929c74fa47f81c7965b5de565f2f7952ab4d7292,1
2026-07-24,CFXUSDT,CFXUSDT-aggTrades-2026-07-24.zip,97801,2de028d05a16d996475f352cf359fb14cf6184fb6e66675b21c6cea79b2ca48a,1
2026-07-24,CGPTUSDT,CGPTUSDT-1m-2026-07-24.zip,26236,6bdd4cdc92d9e5af08046cfbd5d3b769f54ef9a5d584a45b0f9412a8e34dd1a0,1
2026-07-24,CGPTUSDT,CGPTUSDT-aggTrades-2026-07-24.zip,43121,69a43163f4477f01ae61b719250949e1eec0c2b06276557b02b2c9d6e81ac7b2,1
2026-07-24,CHIPUSDT,CHIPUSDT-1m-2026-07-24.zip,35356,090995d7d07c5aa8fdc1dbf757187c8c9fb2134c2014bc66c38e4b7890d11b73,1
2026-07-24,CHIPUSDT,CHIPUSDT-aggTrades-2026-07-24.zip,130833,ab93478d2ded2d74f124d772c1c15e4688828df35d4b681b1dc6eb60d632b7ee,1
2026-07-24,CHRUSDT,CHRUSDT-1m-2026-07-24.zip,26876,79f126ddbdd5e86c53ef6b9390db78c76a1fe264653235d5df09ba8f313edfbf,1
2026-07-24,CHRUSDT,CHRUSDT-aggTrades-2026-07-24.zip,69289,5806869ea20848b5b7bf45dd96f0e694f40696ebdc7200edbfa8885f76a2b3db,1
2026-07-24,CHZUSDT,CHZUSDT-1m-2026-07-24.zip,35123,9bee19b01726221b932fcdce80534f130eb76d3be2ed6ef98d4884ba2b164d49,1
2026-07-24,CHZUSDT,CHZUSDT-aggTrades-2026-07-24.zip,126740,64eed4c4fe54c3617d7022c1198333e1049636a0972b491fcec75a4c5a0912bf,1
2026-07-24,CITYUSDT,CITYUSDT-1m-2026-07-24.zip,30475,c24a7ee4b7378b4b44f304f0bc3d76e63d90ba08ae12a87703033b128129abe2,1
2026-07-24,CITYUSDT,CITYUSDT-aggTrades-2026-07-24.zip,64554,4f86ef76f113ad6999d80ae642d533be61e1ffb26e40de30f864ef3238f6f558,1
2026-07-24,CKBUSDT,CKBUSDT-1m-2026-07-24.zip,19457,778081d774572a1284b99e7b6ead5b0add3634c8c80b3534d267ac50993adff0,1
2026-07-24,CKBUSDT,CKBUSDT-aggTrades-2026-07-24.zip,22757,60a5043793ef5f7bb04c1b45b840ccf47054daa73ced087e2872781542803526,1
2026-07-24,COINBUSDT,COINBUSDT-1m-2026-07-24.zip,26249,9025e67999bf572adf335e7b1c2764bfb8b3b291ddb47ec9fbceb54d17096c7e,1
2026-07-24,COINBUSDT,COINBUSDT-aggTrades-2026-07-24.zip,130179,9e89532a909e121e326e56b0104bdd2085cba2cb09fcff97fdd678d43831b7a8,1
2026-07-24,COMPUSDT,COMPUSDT-1m-2026-07-24.zip,20295,990f60790eae506f3671832f7def293ac01683bc4c4936772a4a001bad679814,1
2026-07-24,COMPUSDT,COMPUSDT-aggTrades-2026-07-24.zip,23399,37181dad7fce7e1482b33c575252ef74d9985738f7948a696dcf67e2536f8f54,1
2026-07-24,COOKIEUSDT,COOKIEUSDT-1m-2026-07-24.zip,14254,16fe6348075262161169c897060dcfe535fa983b73b271179901f8516f7f5600,1
2026-07-24,COOKIEUSDT,COOKIEUSDT-aggTrades-2026-07-24.zip,10178,a8d110661a9a56b8efb9b551835df02496e45117d6022d80cf857e4f5b1222b1,1
2026-07-24,COTIUSDT,COTIUSDT-1m-2026-07-24.zip,22977,8dc62e78537abf5d716a962422ad584a200781df16400131504555b0d345bea7,1
2026-07-24,COTIUSDT,COTIUSDT-aggTrades-2026-07-24.zip,42410,6242cf6418b31d55f9db156a1b6691e861cac5905f940149e102b32a6b582e10,1
2026-07-24,COWUSDT,COWUSDT-1m-2026-07-24.zip,14704,7839e7e9af7d65cf7fda731197acf1968c635c78508bed4231278aec5b31d9f5,1
2026-07-24,COWUSDT,COWUSDT-aggTrades-2026-07-24.zip,9589,7a13596404138321d7d36f83a7f6e69768446ddfe95fcdfccba544896389269d,1
2026-07-24,CRCLBUSDT,CRCLBUSDT-1m-2026-07-24.zip,38211,60b06e8cda9061ffa7d9a6f0074c717cb5c675351585b52755928f76ae30f281,1
2026-07-24,CRCLBUSDT,CRCLBUSDT-aggTrades-2026-07-24.zip,349785,a93045020dbaae43845d7c2ed22ec1f84affc4620e8f48575dc4119ae506f5fb,1
2026-07-24,CRVUSDT,CRVUSDT-1m-2026-07-24.zip,32472,8603cf29e81a15c3d8011c8e65de676f2606eb710840f6781f34a8c31eb2d5e3,1
2026-07-24,CRVUSDT,CRVUSDT-aggTrades-2026-07-24.zip,126004,05bacfe811c842993f27c94d97f44b2b61fbde2cbd3f3f3005338cd5f34208d4,1
2026-07-24,CRWVBUSDT,CRWVBUSDT-1m-2026-07-24.zip,19600,ca699ada165408baac9c2d0e26a20834fa57473a0966b7499385249b85caa21d,1
2026-07-24,CRWVBUSDT,CRWVBUSDT-aggTrades-2026-07-24.zip,25430,d070613a6776b1e12ecf8f57dc5d44dd29656dcdb4d79bfb1bc9e2cb64a2bf41,1
2026-07-24,CTKUSDT,CTKUSDT-1m-2026-07-24.zip,14629,a1f6ccaeeb778a7a30eee18dc2740c47a1222a6bd624a980f1280d076c0e15c2,1
2026-07-24,CTKUSDT,CTKUSDT-aggTrades-2026-07-24.zip,11340,bd23c1e1624faeea4260781b11969da100c9ce1222fdb826a59778c333293206,1
2026-07-24,CTSIUSDT,CTSIUSDT-1m-2026-07-24.zip,14573,0636051947e5aea1e5b292065dbe53383fd8b619540a4eadcbdc38b054498dc8,1
2026-07-24,CTSIUSDT,CTSIUSDT-aggTrades-2026-07-24.zip,8816,23b31bb17b11f599149c80f61ebd4c8a06768aaa581aeffa8d5b8da38a7e86aa,1
2026-07-24,CUSDT,CUSDT-1m-2026-07-24.zip,27587,87b7ebd2df526d63c287cbb063b6325e6476aa4602368076fbb13d903a3c235e,1
2026-07-24,CUSDT,CUSDT-aggTrades-2026-07-24.zip,54030,645bc2ed2642a15b615d7f5bc967b130fd4674197389a6c8c3d90ab95ddd67eb,1
2026-07-24,CVCUSDT,CVCUSDT-1m-2026-07-24.zip,18230,4585d9f37dad403e0449fb03e7b525e2f34a876e2003bf80758b444f6fa5e2c6,1
2026-07-24,CVCUSDT,CVCUSDT-aggTrades-2026-07-24.zip,19580,3718bd57fdd54e3c9dd0f918d25843f7dffa9bea8323c6fc7958d38ad34f51b0,1
2026-07-24,CVXUSDT,CVXUSDT-1m-2026-07-24.zip,27661,063bf057ca8c7b4247e965af25cf709c061cce7e7b7ca2395d3159a616faf04a,1
2026-07-24,CVXUSDT,CVXUSDT-aggTrades-2026-07-24.zip,107673,4c50aa34c6094c353383e04722c236f8cf5a5b6619ff31ed9b5317e794479f91,1
2026-07-24,CYBERUSDT,CYBERUSDT-1m-2026-07-24.zip,15914,e4efe968c6cd5e4e9279662518dbfefe372e969b8ba07aa71d977ac9b7ad56ce,1
2026-07-24,CYBERUSDT,CYBERUSDT-aggTrades-2026-07-24.zip,14367,27139f2d931c563ac7f7c1d6334da5ec1c6eb0ed62a55ea50b414a030ed13371,1
2026-07-24,DASHUSDT,DASHUSDT-1m-2026-07-24.zip,39702,584fb09c67492ed59c1daaabed467515f2736e3a3a5e3061c6ef42ba4f4a371a,1
2026-07-24,DASHUSDT,DASHUSDT-aggTrades-2026-07-24.zip,183799,957879067f87fc635359e16731719bf6b69b0f0e8b566245a6e06cf924e1cd93,1
2026-07-24,DCRUSDT,DCRUSDT-1m-2026-07-24.zip,29487,7eb2980f1e2162585f9e309a3bd8663578085475486372d728bca6ffe8b63d8b,1
2026-07-24,DCRUSDT,DCRUSDT-aggTrades-2026-07-24.zip,78880,ee059fc4ea9875c5ad2b989d9ac0738fcd6a03d103ebc88fe2e5829317bd3cea,1
2026-07-24,DGBUSDT,DGBUSDT-1m-2026-07-24.zip,32301,7bfa2fc8a0cc02ea315f1628f136c8e6a35039d0cbdbe6a3dfce625a03719b0f,1
2026-07-24,DGBUSDT,DGBUSDT-aggTrades-2026-07-24.zip,59479,2f8af8c6e6139deaf1f00c3e01c97d21ac92dae7e5292432ec10382a829c88dd,1
2026-07-24,DIAUSDT,DIAUSDT-1m-2026-07-24.zip,43977,50c5655bb07ce71f1cf9fd6a47be1df8e7a4b28d164432956d3d519aebbf4326,1
2026-07-24,DIAUSDT,DIAUSDT-aggTrades-2026-07-24.zip,404436,317fcc74ecee67c271be8b82489764b8ec3ecff47c87bea961b0388c693e2a66,1
2026-07-24,DODOUSDT,DODOUSDT-1m-2026-07-24.zip,38046,957cb2ad6a2006dbcee819b38c7dd0cfd46de9a6776677d8487500c48ae1102e,1
2026-07-24,DODOUSDT,DODOUSDT-aggTrades-2026-07-24.zip,155421,0cf07f598de81fe0d4e7cc2adf41ec5d166f9ee6d9d02a7d608318aee6847b07,1
2026-07-24,DOGSUSDT,DOGSUSDT-1m-2026-07-24.zip,30758,57719908d5cd5ccb6a7cc8dc36d84209d0e6681448517b9d5cb983b15a9b89f6,1
2026-07-24,DOGSUSDT,DOGSUSDT-aggTrades-2026-07-24.zip,64156,3369b0ec4d7a3120647b25a0e00bb9dbb88a97477d6215be0cf4e32050d78f0f,1
2026-07-24,DOLOUSDT,DOLOUSDT-1m-2026-07-24.zip,19426,661ab52891ef60c656f56ca55ede9dd48241ce5fab53f4798a2ba91cdd7646e7,1
2026-07-24,DOLOUSDT,DOLOUSDT-aggTrades-2026-07-24.zip,21005,07c029f0c8d63254fdae0e71888636f3f49917ac046ff02047575e1dde5f73f2,1
2026-07-24,DOTUSDT,DOTUSDT-1m-2026-07-24.zip,38388,267cd5cf068c36b7a6af56a729128edcdc228d3450c42046c306c635894ab8b7,1
2026-07-24,DOTUSDT,DOTUSDT-aggTrades-2026-07-24.zip,144823,a5a0c9f02dfd625c531e7f0f8d6bce33d8c125f7b54645366ae3810bcadbe851,1
2026-07-24,DRAMBUSDT,DRAMBUSDT-1m-2026-07-24.zip,33374,cb55afcb6528a503fcbf5e9e43a07c9608d4e7a2a9809fcb9b5406d32fae2084,1
2026-07-24,DRAMBUSDT,DRAMBUSDT-aggTrades-2026-07-24.zip,140449,0c9ce69ae947301e419e77951c22a6bef52535f196e276885f2e46ad024b71a9,1
2026-07-24,DUSKUSDT,DUSKUSDT-1m-2026-07-24.zip,20830,ac1d3a5e3b4364e835a0218443fb6198144e21585a33acf6633fb767d320e669,1
2026-07-24,DUSKUSDT,DUSKUSDT-aggTrades-2026-07-24.zip,26973,10a2b93bf111de33a095150a859a8c16fe7fa84814d236522e0e40737e3b2c0f,1
2026-07-24,DYDXUSDT,DYDXUSDT-1m-2026-07-24.zip,33018,d7f00e83ca4623e2cb67c39b29bea345d2450b7b38e855eaf0f0b8db3574998b,1
2026-07-24,DYDXUSDT,DYDXUSDT-aggTrades-2026-07-24.zip,113767,bf7d5c50e4d33d450d82de071d740b4864b9c50eb4395752cb1cf48f93cf7421,1
2026-07-24,DYMUSDT,DYMUSDT-1m-2026-07-24.zip,25097,994fc6a68c1b1729ada2746a580236b67de36719ce635913e5f959c9601dec0d,1
2026-07-24,DYMUSDT,DYMUSDT-aggTrades-2026-07-24.zip,53163,3ad466aa00066b111dd3553474806ebb12668eab0e513f5f029e8695375e51fd,1
2026-07-24,EDENUSDT,EDENUSDT-1m-2026-07-24.zip,31655,d298032f361cae07a19e640dbe4ce40e44113a4d8219e354224bd74f90d70519,1
2026-07-24,EDENUSDT,EDENUSDT-aggTrades-2026-07-24.zip,133163,4221e9f0f1fbb8aa3e6c9f39a2d83dfa9002273b8f5bbadb0432fe9851234906,1
2026-07-24,EDUUSDT,EDUUSDT-1m-2026-07-24.zip,22457,072dbfccb735cc10b540881f2a3fb94e0b8da56a2657311566c0932a14aaa787,1
2026-07-24,EDUUSDT,EDUUSDT-aggTrades-2026-07-24.zip,68326,1c5a9ab31e062976709d2079943f5235004028b4c56deabc3a28b5e289d1eb76,1
2026-07-24,EGLDUSDT,EGLDUSDT-1m-2026-07-24.zip,19466,5e156021a801f33c96db49ab61fd93ec4f8ee5a217a32a12707941b3ad18afde,1
2026-07-24,EGLDUSDT,EGLDUSDT-aggTrades-2026-07-24.zip,23805,2dc369b4899c75f6da0ca6a6b7516301be25e8d99f55ccdb2c37f629a5fda44c,1
2026-07-24,EIGENUSDT,EIGENUSDT-1m-2026-07-24.zip,49410,616a2310c8569a9b616a0e55ced7c440ebe08d6c2edcc1f27d2d14a425297488,1
2026-07-24,EIGENUSDT,EIGENUSDT-aggTrades-2026-07-24.zip,327989,727a6161345f5d09b57296697d824c6867f5cd896c76771a2e9b8c1b05c34c51,1
2026-07-24,ENJUSDT,ENJUSDT-1m-2026-07-24.zip,29429,449c239511a654e4af0acda02a907f5375233585486ce5ffab9410db164fbfbe,1
2026-07-24,ENJUSDT,ENJUSDT-aggTrades-2026-07-24.zip,71971,7ecf9f452b4acc3c0aab19e44a63d6e9504970d6d9a705fd9f6e3997a35079b3,1
2026-07-24,ENSOUSDT,ENSOUSDT-1m-2026-07-24.zip,39748,d2b6cf900a58b9c9e238c24d97c9dac95e59f2ab99f39953d38d551401a5346c,1
2026-07-24,ENSOUSDT,ENSOUSDT-aggTrades-2026-07-24.zip,143522,cf0a12785a11e726773ac9d3257843e2e36f3daf4c304d8e45f2dc9faf9874bc,1
2026-07-24,ENSUSDT,ENSUSDT-1m-2026-07-24.zip,22003,a61731b46c13a0d7c9a65878b837299c06709f0f63990e60fbc13d4f1f07f2fe,1
2026-07-24,ENSUSDT,ENSUSDT-aggTrades-2026-07-24.zip,29405,120d2f687bee6ecb7358d77e3e143938eb39d096fcc07331324959dbdad3dbe1,1
2026-07-24,EPICUSDT,EPICUSDT-1m-2026-07-24.zip,53519,cfb0d9e434e2f71d386d2ab96bedf734ecb2657fe3dccebf1132b87ed87939d7,1
2026-07-24,EPICUSDT,EPICUSDT-aggTrades-2026-07-24.zip,1492548,133de72d7b79d137b09ec7a27afcc5d07f7a2e88d3088a7ddf041dff2bf5680d,1
2026-07-24,ERAUSDT,ERAUSDT-1m-2026-07-24.zip,48714,a20d9a92ab5e420ddc267ca1da5bce2427f371ea9fd8e80870d1f11be38efe2d,1
2026-07-24,ERAUSDT,ERAUSDT-aggTrades-2026-07-24.zip,639863,bc898259898002f844a15af0f8ac8082d3953932dce7792eea1c6282b8b0b647,1
2026-07-24,ESPUSDT,ESPUSDT-1m-2026-07-24.zip,37590,a7fbfea954a3381e0c8667a27b127f5a3213b38dc6d41d3e6147a3dd0e49b512,1
2026-07-24,ESPUSDT,ESPUSDT-aggTrades-2026-07-24.zip,325659,d80e75b62d495e3e68d20cf8f8eac4d2248f46cbc9a1369526be277bb7e81744,1
2026-07-24,ETCUSDT,ETCUSDT-1m-2026-07-24.zip,32663,7cd2d7d608acb1d8c4cf78946cd2f6dba9d9acd876836f18a3f3818685e215aa,1
2026-07-24,ETCUSDT,ETCUSDT-aggTrades-2026-07-24.zip,168809,a257356a351360c694d4a6eae345c6231143d77293144550114c2dc2af5a4249,1
2026-07-24,ETHFIUSDT,ETHFIUSDT-1m-2026-07-24.zip,44659,006c041da77b568e75927da805fad828b534097b828fe07cc7e3a73b866784c3,1
2026-07-24,ETHFIUSDT,ETHFIUSDT-aggTrades-2026-07-24.zip,324673,4c1fa33761dde30edee9d855f13a987e29cbe460ddc6343ad16f12c45c41e7fe,1
2026-07-24,EULUSDT,EULUSDT-1m-2026-07-24.zip,27150,83ae2467241513c2a5fb968bb064d80061960cd7b2c6980b49a5872facff38b2,1
2026-07-24,EULUSDT,EULUSDT-aggTrades-2026-07-24.zip,60187,020ba22fcc6b0db422570724347dad39cad045f0e4ee4e5ac0c4a2048d708fb6,1
2026-07-24,EWYBUSDT,EWYBUSDT-1m-2026-07-24.zip,32371,9b2adda0cb78b8c264a5bacb050b35f551b6ceb3127d34944a022c9b920e06e2,1
2026-07-24,EWYBUSDT,EWYBUSDT-aggTrades-2026-07-24.zip,148144,04ae55c36a3e14616be85c46fb2dab3ecb0325498a2c79411105ca96fda7ef46,1
2026-07-24,FETUSDT,FETUSDT-1m-2026-07-24.zip,39628,2e9dcbfc6e6b34a296763e9d998b36e33665ff47c1087743196fe4c1c2e31e9a,1
2026-07-24,FETUSDT,FETUSDT-aggTrades-2026-07-24.zip,139159,e3f3d98e989fe8fb64834d7760f08ab4908545cc8c17d7ea5d836905f8d08dac,1
2026-07-24,FFUSDT,FFUSDT-1m-2026-07-24.zip,38503,0ac81c90649bb38a805e6d668714d748ce58ccb31a3cf04b0401208589e0d1f1,1
2026-07-24,FFUSDT,FFUSDT-aggTrades-2026-07-24.zip,206893,fa47cf6c72275d69467d3ae41c25dde5211e7d514da18225724f1a9a0d3ca0d9,1
2026-07-24,FIDAUSDT,FIDAUSDT-1m-2026-07-24.zip,20983,f34589eedfa24c657e07cbd354d7c90860e306a7e32c7cfa2b570b75e8d1213b,1
2026-07-24,FIDAUSDT,FIDAUSDT-aggTrades-2026-07-24.zip,28913,68cf42b6664309fa645388fb1e878c72944471edec597020349e92add48007a0,1
2026-07-24,FILUSDT,FILUSDT-1m-2026-07-24.zip,47524,9941f41c590938681c3cc1cec442a6274bd1b9465d805d950b6553c61001cbe1,1
2026-07-24,FILUSDT,FILUSDT-aggTrades-2026-07-24.zip,340035,221de0d1d0673a37e1ca8f9dd6d1dc2d14a0d20caa95e092f33dc62eafcd3ac9,1
2026-07-24,FLOKIUSDT,FLOKIUSDT-1m-2026-07-24.zip,39720,3bc530869fbbc09b1d6ee1be8e64c5296836448636906d7791a81ccb18a93a79,1
2026-07-24,FLOKIUSDT,FLOKIUSDT-aggTrades-2026-07-24.zip,280087,231615925f21fec69894a89e731ee32719c5bbf97c8c3e26d1dd1f46075a04a8,1
2026-07-24,FLOWUSDT,FLOWUSDT-1m-2026-07-24.zip,20800,4296fce2b4a323f97bf16c35a27affaf3e41fabad6d4190c65903e3be10b0823,1
2026-07-24,FLOWUSDT,FLOWUSDT-aggTrades-2026-07-24.zip,24136,3878a34f39929f9ad0b1bb7e3d955d54e054a8fa12152838020ef4363e4f843d,1
2026-07-24,FLUXUSDT,FLUXUSDT-1m-2026-07-24.zip,16901,1aedf0802497634a19d32386b8c68366fd17b4de9976b41c92e024f00b8d9636,1
2026-07-24,FLUXUSDT,FLUXUSDT-aggTrades-2026-07-24.zip,18594,7ecf3c7f1735070779d3e5ac72509a7a0e93d2880d60ce3840ce3d21b5de02e9,1
2026-07-24,FOGOUSDT,FOGOUSDT-1m-2026-07-24.zip,19118,4407a72fbdafd6415d46205916d53c794f23a70ced0166e06a2ff4da2ddf19d8,1
2026-07-24,FOGOUSDT,FOGOUSDT-aggTrades-2026-07-24.zip,28574,89641de8353a7b921a55d3d584851a676d9bc6ef45d1bfaf5af093a60edf9a49,1
2026-07-24,FORMUSDT,FORMUSDT-1m-2026-07-24.zip,34021,6665088f6a11a30fdb4e9ead735ab86d3f45fd2776b52908adf4e88c49902b86,1
2026-07-24,FORMUSDT,FORMUSDT-aggTrades-2026-07-24.zip,83953,b321a452019d986d2544efd3ec96591a667cac1229cc748e15fde937c104ada9,1
2026-07-24,FRAXUSDT,FRAXUSDT-1m-2026-07-24.zip,21642,fa3c1573c2f61af7841d272f5890d1133c36c8042d44ab250eca1cd05f4e53ec,1
2026-07-24,FRAXUSDT,FRAXUSDT-aggTrades-2026-07-24.zip,33471,87f567360a5ec393910c6a8c9c5fe5ee61ade563ff64d7b93ef90dc14b05303a,1
2026-07-24,FTTUSDT,FTTUSDT-1m-2026-07-24.zip,28236,13846e2a50e58092b442ca28417a2745084c00af3b22e64d4695b8b1958e36da,1
2026-07-24,FTTUSDT,FTTUSDT-aggTrades-2026-07-24.zip,48508,7efab16b15422789ac2577541337df0316fd04f6d3f86ba9e7ae0b25685ef64f,1
2026-07-24,FUSDT,FUSDT-1m-2026-07-24.zip,19112,ef9b17990f2cd12b3e554c3eb92c06f96409623f1690acd92b172774739ac2d6,1
2026-07-24,FUSDT,FUSDT-aggTrades-2026-07-24.zip,84193,058ecb5a3071b490b8365c2f254b8b64e9fbb8d42d7e9d2649e00844361a8aa5,1
2026-07-24,GALAUSDT,GALAUSDT-1m-2026-07-24.zip,35634,fb643b545fa17fa3b69468130734d25da6e67c94e1274b164314529b670bf5c0,1
2026-07-24,GALAUSDT,GALAUSDT-aggTrades-2026-07-24.zip,102052,b85c5c3f60b26f685151beae5edf01eaef2c97782b684ca693c41e5cdf917352,1
2026-07-24,GASUSDT,GASUSDT-1m-2026-07-24.zip,16145,81b9d670be0275fadc832ee4b58b66ac20168c24343b35ac490bcbf9e0fde648,1
2026-07-24,GASUSDT,GASUSDT-aggTrades-2026-07-24.zip,14621,105b07d8ad479bf5068e95203512526ed43c5c0215b493ac24c0177943f0e89f,1
2026-07-24,GENIUSUSDT,GENIUSUSDT-1m-2026-07-24.zip,31588,fb4b2e83b92d30cf5b2512fa414669b181c29b4933e37afad3c4a80e5f3271f4,1
2026-07-24,GENIUSUSDT,GENIUSUSDT-aggTrades-2026-07-24.zip,87841,5559aaccbcd5651a06087920a2030ca35d38db419abe0088f156a10eda6ddd92,1
2026-07-24,GIGGLEUSDT,GIGGLEUSDT-1m-2026-07-24.zip,29973,a291b8244d3e70a14ab1c1c949fc05dbb95aa9f69b6290388a0c20d8bd0ab7d1,1
2026-07-24,GIGGLEUSDT,GIGGLEUSDT-aggTrades-2026-07-24.zip,67943,449180b4be74b75a12ae2a67cbe8dc779269588e27e067086539390559093332,1
2026-07-24,GLMRUSDT,GLMRUSDT-1m-2026-07-24.zip,40619,949fcaf8b3a35dd6b73a49dbd346631ddbffaec1cfc58dcdb08d74b2bb31b478,1
2026-07-24,GLMRUSDT,GLMRUSDT-aggTrades-2026-07-24.zip,101773,9769fdd996810b6b6c769d624a3831011cab928df539fae452b31a45cd058c6a,1
2026-07-24,GLMUSDT,GLMUSDT-1m-2026-07-24.zip,17113,166664da804032fcaa9d9af463d7139186ea2805f659a50ab036b0c01677cc8c,1
2026-07-24,GLMUSDT,GLMUSDT-aggTrades-2026-07-24.zip,26469,dbf1f719e28063fc0e0f4d7728261fb846de333b0a8dc0f22cbfc326b9e6b210,1
2026-07-24,GLWBUSDT,GLWBUSDT-1m-2026-07-24.zip,20014,1e1720398831642efc58eaf3a2d8834fd0710a8604d0f8654e3e261c591c4d24,1
2026-07-24,GLWBUSDT,GLWBUSDT-aggTrades-2026-07-24.zip,38764,ba258f316b23f7982d62bcae23e3a3c7e9bcac2e259848ac888cc158f3ca5980,1
2026-07-24,GMTUSDT,GMTUSDT-1m-2026-07-24.zip,36072,94877da234118a18a34a885a5be7cb8baadfebaa8736f9cfa9b265a68e1aa8c6,1
2026-07-24,GMTUSDT,GMTUSDT-aggTrades-2026-07-24.zip,84538,a16db06f2b08f06c339535ddbe14455becd50c91d0558bceafca096d999cb19e,1
2026-07-24,GMXUSDT,GMXUSDT-1m-2026-07-24.zip,41318,f6c67e71bd91d32e1e19917ef44dab1cebc61a5f44fa0b7ca31756090ada426f,1
2026-07-24,GMXUSDT,GMXUSDT-aggTrades-2026-07-24.zip,157566,3e4c8f42d6f27837cb5c60120c0a5361868a2f84d2963c8442d37b702eec6d0f,1
2026-07-24,GNOUSDT,GNOUSDT-1m-2026-07-24.zip,31668,4e357f01afdc0c3e388cc774b78011525f110efba81303100b558425fe114ca5,1
2026-07-24,GNOUSDT,GNOUSDT-aggTrades-2026-07-24.zip,59995,df3dd446b84ef525101d8ac6abd87410868faf952f32dcd17e600bf32e7e64e0,1
2026-07-24,GNSUSDT,GNSUSDT-1m-2026-07-24.zip,22195,5dff81c9b930c1d98ac6f1820c7149d28464f9351d5c87bab7af7004ce7ac0d0,1
2026-07-24,GNSUSDT,GNSUSDT-aggTrades-2026-07-24.zip,23996,1ee51144d576a235324421a0db20b91d7ef98b2cd0c3cf478ba2cefa65b521ad,1
2026-07-24,GOOGLBUSDT,GOOGLBUSDT-1m-2026-07-24.zip,28809,6fd257ff08bc303fc60e11aa40766896f572c50e2a7a1107eb8c53d5d8629b1c,1
2026-07-24,GOOGLBUSDT,GOOGLBUSDT-aggTrades-2026-07-24.zip,207403,178aca00e35e065004c1fe72bc805a981b1dd767adb55b809705587ba5d2f2a9,1
2026-07-24,GPSUSDT,GPSUSDT-1m-2026-07-24.zip,25116,cd122cb808012349c1fc4bdaa2e6e5cab21f737d08cdffa603fbc54166bf0a91,1
2026-07-24,GPSUSDT,GPSUSDT-aggTrades-2026-07-24.zip,89712,4d634a705f76df608363b22a3e7706c03b96931a2d36e32aba25b4629289e198,1
2026-07-24,GRTUSDT,GRTUSDT-1m-2026-07-24.zip,35131,bf8f6976f609ad048546f1a135d0670519fd93333f6403415ffab81ca5f4282d,1
2026-07-24,GRTUSDT,GRTUSDT-aggTrades-2026-07-24.zip,95305,71b2e85bc467fc67b021a53e61a1bf8841c21b034ba6257d50af09463c01ab13,1
2026-07-24,GTCUSDT,GTCUSDT-1m-2026-07-24.zip,19246,286c9c100713ec21500674f63961cbcf4767beff778e4829da8d834f444afe93,1
2026-07-24,GTCUSDT,GTCUSDT-aggTrades-2026-07-24.zip,38060,503d9097f8407d9f72e404b02aa148ecd6df6b647308c3d123f3b35ec795334a,1
2026-07-24,GUNUSDT,GUNUSDT-1m-2026-07-24.zip,22211,94d81259ec5fccd1f138310559f8a9518d729ba6b8095d2f2ab186355c34e255,1
2026-07-24,GUNUSDT,GUNUSDT-aggTrades-2026-07-24.zip,34293,0a0355edbd6419490674d0587efe5230490ee6163879cb9f53f19ecb65b6e095,1
2026-07-24,GUSDT,GUSDT-1m-2026-07-24.zip,22274,6567e837787bb4006dff41e1e5d25eb43018bbdb5dff4f7a393fd63da54b2b76,1
2026-07-24,GUSDT,GUSDT-aggTrades-2026-07-24.zip,52000,c0b81330ea3cd0ec74a32ba0a752fddf3cfb0ec20a44eb5c69c1e715d2f504f0,1
2026-07-24,HAEDALUSDT,HAEDALUSDT-1m-2026-07-24.zip,19729,5064ad438c93350259a245372ed14bcc85f8bca2044af587156fdb5a0f053039,1
2026-07-24,HAEDALUSDT,HAEDALUSDT-aggTrades-2026-07-24.zip,27112,d9d0521c821d9958b72aa93c437e8dcc00d0f857d42c50a61ec1ce5cbd7ddb34,1
2026-07-24,HBARUSDT,HBARUSDT-1m-2026-07-24.zip,47158,30bf6261ea329edfe97a3bd2676d11e0b9a0a26dae42a32473b64caba49aeaab,1
2026-07-24,HBARUSDT,HBARUSDT-aggTrades-2026-07-24.zip,396621,410b5b943317c58f373b7e265d056d8e1e0732661980affbf51e20104fb41e39,1
2026-07-24,HEIUSDT,HEIUSDT-1m-2026-07-24.zip,44506,3405033e4e99a97108dc66460b46f8d1a8b7108989e419b00a3968517baf13eb,1
2026-07-24,HEIUSDT,HEIUSDT-aggTrades-2026-07-24.zip,330972,ac62a443c82c54aca87f22ed3edab483c89e9f7db0ba8932ebcddf10c1943834,1
2026-07-24,HEMIUSDT,HEMIUSDT-1m-2026-07-24.zip,43101,9788756574799a8d3c40257f3d44e2b6b39df9016702c237bbe03b256cf0284a,1
2026-07-24,HEMIUSDT,HEMIUSDT-aggTrades-2026-07-24.zip,343726,f40a1b339c835edc126d1c983db76a5f9d174aeccc9d013c9b387c5e31a18c57,1
2026-07-24,HFTUSDT,HFTUSDT-1m-2026-07-24.zip,54891,b9f5954523207b852f9274a6dca2ad2783d44d9c8ded562b80a74f3dc8c86bce,1
2026-07-24,HFTUSDT,HFTUSDT-aggTrades-2026-07-24.zip,592162,485a449a5a7a8600e396322c3283df2680e339d6f8b9bf0d26c7a20d45ccf180,1
2026-07-24,HIVEUSDT,HIVEUSDT-1m-2026-07-24.zip,16998,d62445ae869e6831960e55d612a49954d2afcf98d8da481f8b4436fd61ffa9c6,1
2026-07-24,HIVEUSDT,HIVEUSDT-aggTrades-2026-07-24.zip,18261,75983f574916413a7a1df53142c15035caa130b483ab686558262977a1ee551b,1
2026-07-24,HMSTRUSDT,HMSTRUSDT-1m-2026-07-24.zip,39554,100d9aa5fb29e24fe9a079a8e9ee0c5f22ef62848f8316cd8ce4cca6b7e088a6,1
2026-07-24,HMSTRUSDT,HMSTRUSDT-aggTrades-2026-07-24.zip,213300,920c11609a4f5bc28fd40229572bd637a5f10981e3851a55208457acff06cfc5,1
2026-07-24,HOLOUSDT,HOLOUSDT-1m-2026-07-24.zip,26531,58e1f74deec1d3df253eb4adee3270c6b2ab645b90833e78d11c2f8fa1ce59e8,1
2026-07-24,HOLOUSDT,HOLOUSDT-aggTrades-2026-07-24.zip,67836,b395f79f94c1aaa58e6b80d0deef5c8d95c6fb519b1b631993a76da10405a097,1
2026-07-24,HOMEUSDT,HOMEUSDT-1m-2026-07-24.zip,49543,d18f6d75d56f17562c067445e396c565f3a0af1492a30015580859b0e540b17d,1
2026-07-24,HOMEUSDT,HOMEUSDT-aggTrades-2026-07-24.zip,828457,4f46f355d4e80ca3a27cc6d8c39d7965a6d4bc242cf65608b013101df840b62e,1
2026-07-24,HOODBUSDT,HOODBUSDT-1m-2026-07-24.zip,20327,0760269dd9a9084b655e7cca5a3357273a245666773f8faa8ccd960fac7ae360,1
2026-07-24,HOODBUSDT,HOODBUSDT-aggTrades-2026-07-24.zip,36882,da59d5f3a5b1072de568c8ca7862146acc64a449235e1d8cd5d5a64d1822713b,1
2026-07-24,HOTUSDT,HOTUSDT-1m-2026-07-24.zip,19078,6fd8a6ab36c1a1cbbcb9e093e17a7152c4a19804dca8e8b2240fc2e9ffc5dd9d,1
2026-07-24,HOTUSDT,HOTUSDT-aggTrades-2026-07-24.zip,27179,47ed07a32283993e0cdbdcd8c0bde1a1ee60edc2736562901061fdf0db84f668,1
2026-07-24,HUMAUSDT,HUMAUSDT-1m-2026-07-24.zip,25407,81741f2a66be5f309ff7511acaa31660a42aea9dcfed4e4793b414b1c5395372,1
2026-07-24,HUMAUSDT,HUMAUSDT-aggTrades-2026-07-24.zip,41510,7ce12f0fff379125961abe13d3c0d858dc95ebcacb1316dde3dc754cf24344a3,1
2026-07-24,IBMBUSDT,IBMBUSDT-1m-2026-07-24.zip,28248,1b7f960946c7f8f57f16472b2515552f404eecbbc7cffc0c9e5010bf8b870b74,1
2026-07-24,IBMBUSDT,IBMBUSDT-aggTrades-2026-07-24.zip,191522,d52b899d1f160434737c801b4effce76895dcc4b62d3e80a677bb40f4b2b0102,1
2026-07-24,ICPUSDT,ICPUSDT-1m-2026-07-24.zip,38483,df63b6ce6f27c9989710fc54ab80464dbd2d3b6ea72974e5a23527ac1161af67,1
2026-07-24,ICPUSDT,ICPUSDT-aggTrades-2026-07-24.zip,134368,60fb04ec4b63660778e64e3e95384326c9e2ccf4250d57ae1190433701abb350,1
2026-07-24,ICXUSDT,ICXUSDT-1m-2026-07-24.zip,12612,1533cc1ff5365167064812faf08e9644a52aa1af095fabbff0f33bbf414cd7c8,1
2026-07-24,ICXUSDT,ICXUSDT-aggTrades-2026-07-24.zip,7810,30fc1e72759f0aeae657aa2447410a82dca8dcb3f9958edec605f388fa50aa08,1
2026-07-24,IDUSDT,IDUSDT-1m-2026-07-24.zip,20133,0fddb14edaa0147641adea7666445dbd175e34b46c983b6d4880c0442044050a,1
2026-07-24,IDUSDT,IDUSDT-aggTrades-2026-07-24.zip,32529,139b220e126c63e8ccccaa7394a636f13f02aa31fd82b10d5848777eb73b8de8,1
2026-07-24,ILVUSDT,ILVUSDT-1m-2026-07-24.zip,16594,77e6516bb09169c82e3aa024ddf16a34ec206c4880c2c6371ee5494263953edd,1
2026-07-24,ILVUSDT,ILVUSDT-aggTrades-2026-07-24.zip,19191,7387ed2ea7871c8caf3d3d452e98c28ea76ca50d5f46db5f78bd2670d729fc9a,1
2026-07-24,IMXUSDT,IMXUSDT-1m-2026-07-24.zip,22773,caaaff4fe38721108fb79a1f13d1d51d0ea9df4c778ac3fd7b6e99d9b45a8a35,1
2026-07-24,IMXUSDT,IMXUSDT-aggTrades-2026-07-24.zip,40162,cd4bd8579957f536c023e6df4fc6f69cb85c1d83f769eeab5c2486f3494fae06,1
2026-07-24,INITUSDT,INITUSDT-1m-2026-07-24.zip,20623,82c053c607776d8bfb6202ab40627a7054d6d77d069f384892e7c2f2882f145e,1
2026-07-24,INITUSDT,INITUSDT-aggTrades-2026-07-24.zip,28851,710c89073ca19f417d0c403548406dcb1b55e9dd72a5e40f10ec17714dea5d8e,1
2026-07-24,INJUSDT,INJUSDT-1m-2026-07-24.zip,49925,89b080bcf5b0ce3e43709abbffccf38a99877f4ba2139fb60c1823609624ba12,1
2026-07-24,INJUSDT,INJUSDT-aggTrades-2026-07-24.zip,592512,ebc800139fd46da02064e96e4184c46e65929931fdfb1899a2e45df213e8fd51,1
2026-07-24,INTCBUSDT,INTCBUSDT-1m-2026-07-24.zip,34797,c34449fa5d40cd8b6123bc8cd224c36726aa3609419596e5d46828c65688e31d,1
2026-07-24,INTCBUSDT,INTCBUSDT-aggTrades-2026-07-24.zip,218100,4e8c07b7e5cd12735f3b893bc53fd4297015537361455e9c7a10b41b13ccf01b,1
2026-07-24,INTWBUSDT,INTWBUSDT-1m-2026-07-24.zip,30566,e9d7e8135104882481ae288bf2f75b8cfba428bca7b7adb61614c899625050d6,1
2026-07-24,INTWBUSDT,INTWBUSDT-aggTrades-2026-07-24.zip,88555,0d69416d594a728e5db022bd3b7344b0e04b56f0a9dc11067337d468556d3232,1
2026-07-24,IOSTUSDT,IOSTUSDT-1m-2026-07-24.zip,25301,5392573444af5a8c9b2ae477dfaf6d4b73757418f545dd7fe9912818e00f0db9,1
2026-07-24,IOSTUSDT,IOSTUSDT-aggTrades-2026-07-24.zip,36126,2e9dbcd77a210281c76b0e7d8a2a07059e23f972ef4c24e817a74dfe6531ee00,1
2026-07-24,IOTAUSDT,IOTAUSDT-1m-2026-07-24.zip,20841,e34c3f2fcacbfa417a8bca9a5a816884ee5c826cbf2ebf2b65c7c7faefe84914,1
2026-07-24,IOTAUSDT,IOTAUSDT-aggTrades-2026-07-24.zip,30877,e4fa666cf9624146bef39f28fbe132b2c9fe64fb8cedeaa9e07b5db41435eec9,1
2026-07-24,IOTXUSDT,IOTXUSDT-1m-2026-07-24.zip,17252,5e519d8e9248222c255992701853f466f08680685a12540304235f338dcfc9d4,1
2026-07-24,IOTXUSDT,IOTXUSDT-aggTrades-2026-07-24.zip,13038,241840891580dd66498bfe592c8ea3b61529696b6bb27d69e002cf8ab88f61de,1
2026-07-24,IOUSDT,IOUSDT-1m-2026-07-24.zip,29181,be444b93722504e6e1c12d978f608954b06d20ff9489524320b72fe6b4c4c582,1
2026-07-24,IOUSDT,IOUSDT-aggTrades-2026-07-24.zip,72153,c4e5f92d7321a7a02c78c5290e3524aff11852722a186642cf779ce41ebb2d29,1
2026-07-24,IQUSDT,IQUSDT-1m-2026-07-24.zip,14812,6d658f5fbbc7bc041f4fc38ec0108cefad0dab2528cd467a21c58c5e9c804a03,1
2026-07-24,IQUSDT,IQUSDT-aggTrades-2026-07-24.zip,7864,35c7ef14b4a313ee8d318ab5f35983023e9c1dc45e1ee7481c9b90697d6db192,1
2026-07-24,JASMYUSDT,JASMYUSDT-1m-2026-07-24.zip,20354,d9692d4b48991e65079b881f77d927aad6ec2b44528ae93c51c82285b4f2f01b,1
2026-07-24,JASMYUSDT,JASMYUSDT-aggTrades-2026-07-24.zip,29900,33abb460fc695dc0535b12e5bf3235f127c905fd433f9ed6306c76ede0bdcb6c,1
2026-07-24,JOEUSDT,JOEUSDT-1m-2026-07-24.zip,14633,59694a482697e72033157edbbd387dff524feaa4604ab7291d2eeb96baffa8f4,1
2026-07-24,JOEUSDT,JOEUSDT-aggTrades-2026-07-24.zip,19092,318f0e3c34354b6cc22b3e15f34f0fa66a70a5340bb2193bbbc574eb10929233,1
2026-07-24,JSTUSDT,JSTUSDT-1m-2026-07-24.zip,46174,d2b4542027e52a621f96d0477c84fdf8de771e818b3837983edbcb3b8e4046f6,1
2026-07-24,JSTUSDT,JSTUSDT-aggTrades-2026-07-24.zip,311669,75f2e2de86ed0780fabb54c51d8877adfb76c7fa35afbfd87072eaa2c4b3bcf2,1
2026-07-24,JTOUSDT,JTOUSDT-1m-2026-07-24.zip,48761,aaca80870a309177c2c3dd0e1f84d8683b58da7c4951ddd4a3249988001a82a0,1
2026-07-24,JTOUSDT,JTOUSDT-aggTrades-2026-07-24.zip,519258,cd7c1ee01dc60e70a69cb6775d7e66881562bf14ecf605b50c9b494947a5717c,1
2026-07-24,JUVUSDT,JUVUSDT-1m-2026-07-24.zip,26653,441051825545e2835d9fc55bdc2b19ea78902bc8d45431c45c9f0766ed7ccc92,1
2026-07-24,JUVUSDT,JUVUSDT-aggTrades-2026-07-24.zip,40266,9a81ea5f613f2b8cc0179215065e62245592cd612ff9f2ad1eb707279167e374,1
2026-07-24,KAIAUSDT,KAIAUSDT-1m-2026-07-24.zip,19128,93dd3f2c0f047073b22a55944f524b686c9e7bd3d2c64d0a614f8d2debd60754,1
2026-07-24,KAIAUSDT,KAIAUSDT-aggTrades-2026-07-24.zip,28797,baa9b3cb8068f4c0344f874148e92a7650534613575eb8cd9e22858551783801,1
2026-07-24,KAITOUSDT,KAITOUSDT-1m-2026-07-24.zip,56218,c24d471e753a19643e7a0e64d70c50115d74712261aa199ee524b24fd0f59812,1
2026-07-24,KAITOUSDT,KAITOUSDT-aggTrades-2026-07-24.zip,4068536,f00cb070de4efab87bc73c784058c1ec02c62c10f6d7342c631db906d6d352db,1
2026-07-24,KATUSDT,KATUSDT-1m-2026-07-24.zip,23198,70313968a62907124981dfaa45f5ac0b2bd023675ed5d5ee87b6d29219604f8e,1
2026-07-24,KATUSDT,KATUSDT-aggTrades-2026-07-24.zip,47407,88936ba0640c10540e7f53c9a5be0efda5e92277e09a305780b56c14bd87c265,1
2026-07-24,KAVAUSDT,KAVAUSDT-1m-2026-07-24.zip,20089,5b8d75a1f8b3070e305c179340a12e4e3fc04f0ce36f5fcb7d135bbe063cb901,1
2026-07-24,KAVAUSDT,KAVAUSDT-aggTrades-2026-07-24.zip,27305,ce75d71a18773f4b6d051d7263311622d2c130ddce7a6ca81065c20d92b7d53b,1
2026-07-24,KERNELUSDT,KERNELUSDT-1m-2026-07-24.zip,25705,89d630cdfbc405f93a33ce1126b68101e07106437293b7d94c453c7105bc9b54,1
2026-07-24,KERNELUSDT,KERNELUSDT-aggTrades-2026-07-24.zip,51921,853c77cacd0a65d4b337a6b10fc806ec8a3cca2d929d24d359b6c19a0b475247,1
2026-07-24,KGSTUSDT,KGSTUSDT-1m-2026-07-24.zip,22344,79c60ce41e090311daa2d78ae3d27047b00697af29aaefa352320268c127a548,1
2026-07-24,KGSTUSDT,KGSTUSDT-aggTrades-2026-07-24.zip,66066,f587af48f793e286e28c0691b07ea45350380b7722ef6c55c336cc1c8b97ba97,1
2026-07-24,KMNOUSDT,KMNOUSDT-1m-2026-07-24.zip,26892,174bc171b41f65af54f81ab64dfa7e7daaafd66d8e4c5cb7fc8fbfeb222047b1,1
2026-07-24,KMNOUSDT,KMNOUSDT-aggTrades-2026-07-24.zip,61294,7c8f97beee91321282960b5c19158c12a46e88a58f4d05c871e6f76887387c6e,1
2026-07-24,KNCUSDT,KNCUSDT-1m-2026-07-24.zip,14858,d7c3195251ff5a047b05efe417638250eeebd2af438ebfe953bd1acb2b6c6d65,1
2026-07-24,KNCUSDT,KNCUSDT-aggTrades-2026-07-24.zip,12706,d80a059549c09d42c0a107a42b45e564e87f76d55bd039db829ce63239fd3bf5,1
2026-07-24,KORUBUSDT,KORUBUSDT-1m-2026-07-24.zip,35496,f868c11db2635f36019e942668bdcc08145bfdff327eced398704465582c055f,1
2026-07-24,KORUBUSDT,KORUBUSDT-aggTrades-2026-07-24.zip,143139,40e46c6da6f9e3b01c27f82dabb5be5943eec17907d497d82c09b5577278098c,1
2026-07-24,KSMUSDT,KSMUSDT-1m-2026-07-24.zip,17428,3ae773d9118979accce3414fb88ad6a4410b5bf45e8dae192e3f7528037f178c,1
2026-07-24,KSMUSDT,KSMUSDT-aggTrades-2026-07-24.zip,16084,9d7da0f23f524ba3d731aea767e31bb74dc3f1ab0cfcf45decff1db0ca47c8e2,1
2026-07-24,LAUSDT,LAUSDT-1m-2026-07-24.zip,51881,31eca2ab7dbd6659a8ff825ebc4fffaf53e98619d1139fdbf033415ac36828a3,1
2026-07-24,LAUSDT,LAUSDT-aggTrades-2026-07-24.zip,818658,bdc7229f0dfc9b582a5a3addf726217fc0c87759348107a5b6d45ba8d4c4beff,1
2026-07-24,LAYERUSDT,LAYERUSDT-1m-2026-07-24.zip,20588,b195439b83c2b1aa246ab1a57ae7ec331dcf1a1554688aec4d6261d1bf3d518a,1
2026-07-24,LAYERUSDT,LAYERUSDT-aggTrades-2026-07-24.zip,30684,4c0e4a0d79d918e582e6c47b67a2665bc89a1ae01233bde372751d7c3a5017c4,1
2026-07-24,LAZIOUSDT,LAZIOUSDT-1m-2026-07-24.zip,32851,6b59b1d708d9b105185871264a703e4cfa50b7e7f6bfa60f464f7182f14d61f9,1
2026-07-24,LAZIOUSDT,LAZIOUSDT-aggTrades-2026-07-24.zip,71572,9628e4c0e1b5b047e47ba3d3aa2438a200cb76c9417398dafed0ff8e2e524d95,1
2026-07-24,LDOUSDT,LDOUSDT-1m-2026-07-24.zip,48764,ca0f5f330c17d16dceb6c4c25b235d7bbf3ac997a60fd2659499a09758ca73b7,1
2026-07-24,LDOUSDT,LDOUSDT-aggTrades-2026-07-24.zip,324210,9da58e44d309af83e3ca3ace61b93e31dc0814840b12908429d4ecbe49ea548a,1
2026-07-24,LINEAUSDT,LINEAUSDT-1m-2026-07-24.zip,28818,d874a75ed89d08f1192f67ac60f955e1978f6a26769b087f8104a21ff9be3711,1
2026-07-24,LINEAUSDT,LINEAUSDT-aggTrades-2026-07-24.zip,69904,d2a2d5ce8eab5ebc170d6fdcebf16bd8af5d5d68ffa5e411bfa6a8af33cd4498,1
2026-07-24,LISTAUSDT,LISTAUSDT-1m-2026-07-24.zip,29769,62df5099727551e0705535b456a751d14929228be46418a55164a5b69bc01135,1
2026-07-24,LISTAUSDT,LISTAUSDT-aggTrades-2026-07-24.zip,81043,e18c30de1d87fcfe917da49de00b3af446514bbb10629e207555ebdc522ac69a,1
2026-07-24,LITEBUSDT,LITEBUSDT-1m-2026-07-24.zip,18131,a69fb6cae6608e06bf8f24f6095e2d9994a4ff4c897aec7c2cf07079b5487549,1
2026-07-24,LITEBUSDT,LITEBUSDT-aggTrades-2026-07-24.zip,20566,6570878d9430aff3cf275bfd8fb96987b536c3a0b4cf3969fb73396e231ea68b,1
2026-07-24,LPTUSDT,LPTUSDT-1m-2026-07-24.zip,20605,8bdaf249a08a65e26429a737541ca9b28a0bb981a63803fb7f8ff1423f2da66b,1
2026-07-24,LPTUSDT,LPTUSDT-aggTrades-2026-07-24.zip,26172,bbcf07a9e8802a0b1a8e1070d448de34981786bc947cccb5216f1b4b6cdedaba,1
2026-07-24,LQTYUSDT,LQTYUSDT-1m-2026-07-24.zip,15137,568f78b4370f7fea266cf03a75867ba6e21b7f221482051f9be409dd36ce5d11,1
2026-07-24,LQTYUSDT,LQTYUSDT-aggTrades-2026-07-24.zip,9608,e40d19cf9241b36380cef5e7b43ee2f8c57f201260dd65601b7adbe0b4731106,1
2026-07-24,LSKUSDT,LSKUSDT-1m-2026-07-24.zip,21946,b273d35128c09bec9ff40659320b6ccd3e7aa12084d61151e38cbd82c7caed1b,1
2026-07-24,LSKUSDT,LSKUSDT-aggTrades-2026-07-24.zip,66435,c6534887a78574484d9db1a68a9aee52d4c27c29f07bb0ad99f7f6a596e0aa9b,1
2026-07-24,LUMIAUSDT,LUMIAUSDT-1m-2026-07-24.zip,36782,4202e774432d651b1c6d0bcc5a4d1ba9175504a53135d9d0bb2af89f301b237d,1
2026-07-24,LUMIAUSDT,LUMIAUSDT-aggTrades-2026-07-24.zip,145731,3c3ef7f8056099cfff4f992977ff055c09a2cea7371c33dab063929d0199e011,1
2026-07-24,LUNAUSDT,LUNAUSDT-1m-2026-07-24.zip,23874,fdc2c26a6e1ae2f5f1270a29960c49946472c4345eb0baf09f0b0cb5c4d40ddb,1
2026-07-24,LUNAUSDT,LUNAUSDT-aggTrades-2026-07-24.zip,41683,d1846b6e7119f82837673cfb091a9fe0985d28197be9e498c24d97d1449f6f3e,1
2026-07-24,LUNCUSDT,LUNCUSDT-1m-2026-07-24.zip,51921,66a0bce19a8e734217ae3c88d69f92727e3bacad8e15899fdd63140d58b9cd69,1
2026-07-24,LUNCUSDT,LUNCUSDT-aggTrades-2026-07-24.zip,240588,a1e6e9df1cdedba47a024926f27a3e7db28f528a1b4793d85c10a9c986cee475,1
2026-07-24,MAGICUSDT,MAGICUSDT-1m-2026-07-24.zip,20734,2dad1f9695144030f729d51ebd70f7b8654729306cd480e77aaa1c3d6d07f9ee,1
2026-07-24,MAGICUSDT,MAGICUSDT-aggTrades-2026-07-24.zip,40087,7cae2c6a01496c0034951c1a3966161906732852f66ea5f16209d7cceee8a471,1
2026-07-24,MANAUSDT,MANAUSDT-1m-2026-07-24.zip,23110,710ae7b693aa26600e9a7cc4b461d317ae3c657242f3c974f7a712f654a51af2,1
2026-07-24,MANAUSDT,MANAUSDT-aggTrades-2026-07-24.zip,47250,a3a1821c9ee6765bb05dee8d291bfd66242ffb0e1e93474ec3ac9c7567a2b84a,1
2026-07-24,MANTAUSDT,MANTAUSDT-1m-2026-07-24.zip,27137,320d733f46a6c6d4b9e1e6c27d1bc2cb7c61ff24ce09a4ddb2808983ee45afbb,1
2026-07-24,MANTAUSDT,MANTAUSDT-aggTrades-2026-07-24.zip,54600,2268ef6135a1509bed3d8afb5518ab52e111bd3371c39b1cd8a07d38d727ac5f,1
2026-07-24,MANTRAUSDT,MANTRAUSDT-1m-2026-07-24.zip,29020,ec4c757bfab3efb212fb267be55a45d8e35c82b7634e88b1b315ffdeb1323f6c,1
2026-07-24,MANTRAUSDT,MANTRAUSDT-aggTrades-2026-07-24.zip,69687,f25411d771642b35bf1238da8cdc5496c556ace13683d007472ed5641accd369,1
2026-07-24,MASKUSDT,MASKUSDT-1m-2026-07-24.zip,15101,3ae7edd73d197f821dc354c4ff0a8054fdd75e2a6a995444eb7f6ea5f37829f7,1
2026-07-24,MASKUSDT,MASKUSDT-aggTrades-2026-07-24.zip,16419,1008c853245be896424d9e5dc921f7123e8f8221a7ed3c81010160243af0c8f8,1
2026-07-24,MAVUSDT,MAVUSDT-1m-2026-07-24.zip,26405,cf910f086d1cdacaada025852eadd77067e4c11fba9923696ea013fb9101e86c,1
2026-07-24,MAVUSDT,MAVUSDT-aggTrades-2026-07-24.zip,53050,66e0b1441e070feb96d3aaff277bf71e7b63332f24582203c7ffcbc1efde4e7a,1
2026-07-24,MBLUSDT,MBLUSDT-1m-2026-07-24.zip,43958,f0c5f0a23d86585f1c72c995f0eae0986a6c45aa4c08e7af8465d9c924b32a95,1
2026-07-24,MBLUSDT,MBLUSDT-aggTrades-2026-07-24.zip,475947,1bee89da96d007c97329a0a83f6b24fdea02228632ed2611def4e91e46394819,1
2026-07-24,MEMEUSDT,MEMEUSDT-1m-2026-07-24.zip,25904,e22b44bc2fcc3723dd2d4e616e2dcccbd2f24f4e3612353d1b837d569a17b776,1
2026-07-24,MEMEUSDT,MEMEUSDT-aggTrades-2026-07-24.zip,71605,fcd54a3231be5b6b871b4b3ba54a4c479bdc020974a3a867565c68fa64fa7842,1
2026-07-24,METABUSDT,METABUSDT-1m-2026-07-24.zip,20553,9af00feca0288e86f1da82946c63bde5e1c75c324d7e0b923372080a266f1348,1
2026-07-24,METABUSDT,METABUSDT-aggTrades-2026-07-24.zip,39035,74f4f73fc28dd49630af9054b78bda839df3fa3a1c73e4bf5ca3cf11552dc15f,1
2026-07-24,METISUSDT,METISUSDT-1m-2026-07-24.zip,14701,f189f9e1d6aff4faa60b49d090d5f94a3524659ee40aec93eb17210a936f6b0a,1
2026-07-24,METISUSDT,METISUSDT-aggTrades-2026-07-24.zip,10187,b349d6ee63b50fd3068cf1c3e06f51c004493af58f4e661a3f1d0a685a4b82fb,1
2026-07-24,METUSDT,METUSDT-1m-2026-07-24.zip,36393,0be4a4a65e45c82bb4114e9400593653331371da61321ebdb284451098bd307b,1
2026-07-24,METUSDT,METUSDT-aggTrades-2026-07-24.zip,182089,8686f6b0e40057163da58e5da98543c79eb507f050488029fca20e5f6e6ac385,1
2026-07-24,MEUSDT,MEUSDT-1m-2026-07-24.zip,26889,b1de424e3b959ad4f911fd74483e4bffa74a101831a2a0dbadfdeb724da3aa7d,1
2026-07-24,MEUSDT,MEUSDT-aggTrades-2026-07-24.zip,51973,7042cbb7513526d68d18f2dc72b3903b1e9fbe1520a548c32072c7b136f4b2af,1
2026-07-24,MINAUSDT,MINAUSDT-1m-2026-07-24.zip,18364,6446241c4fa5941bead082e2e658bc53accd1b307e76e43ca7158816c63a04fa,1
2026-07-24,MINAUSDT,MINAUSDT-aggTrades-2026-07-24.zip,18631,35ac48a0d54986d1dd8c45b69da2ded13cdd46770c34f56fe94ff5457cd23dce,1
2026-07-24,MIRAUSDT,MIRAUSDT-1m-2026-07-24.zip,31131,a628a2df9978d320793d1d12d5593d17ae34adce27ccd306f28beb68031f35dc,1
2026-07-24,MIRAUSDT,MIRAUSDT-aggTrades-2026-07-24.zip,84515,765a5c0f257c2b47a83688403e30a2334e75d80b7246a7109991ee6218e41859,1
2026-07-24,MITOUSDT,MITOUSDT-1m-2026-07-24.zip,33316,ded3b9e9d47b313f239d2a2407ed59fc837206f3306e675f612a5623913e92be,1
2026-07-24,MITOUSDT,MITOUSDT-aggTrades-2026-07-24.zip,122750,a7a4577c0eef3d52113480619dc06ee6e0c1184df5a810832eaaebc17848759a,1
2026-07-24,MMTUSDT,MMTUSDT-1m-2026-07-24.zip,28792,a78ce9a2e0f60bc3b92e57c85a8992aae17cd34e020d75e9ba109fbadc18986b,1
2026-07-24,MMTUSDT,MMTUSDT-aggTrades-2026-07-24.zip,67769,13e1bb219bd2ff8ba7bcbf8ed8c59c253d6c4d1085108236bfa1d1239fad6c59,1
2026-07-24,MORPHOUSDT,MORPHOUSDT-1m-2026-07-24.zip,37880,b4427e9f40cfc915b5084a6e75c9bd56b4ff8a7bb60f031ed29715f549fd9634,1
2026-07-24,MORPHOUSDT,MORPHOUSDT-aggTrades-2026-07-24.zip,173942,bfb99b63d126d4d9b52e0c8bcb00a0af663339a48e7eaddd74dfa85a002fb867,1
2026-07-24,MOVEUSDT,MOVEUSDT-1m-2026-07-24.zip,27025,f4bfc36f7fe5182dc2630555789754010b719d37617b81a8f45ff64cb11ad965,1
2026-07-24,MOVEUSDT,MOVEUSDT-aggTrades-2026-07-24.zip,83828,29c28afc24441309e7834c1442a3bb72bb8ac7607726a8603e1fbbee21ca6c6b,1
2026-07-24,MOVRUSDT,MOVRUSDT-1m-2026-07-24.zip,26752,c20d314f2bc68f68d0df555f1c38ee7b9acaa461ce0ef4059e581a845523ef71,1
2026-07-24,MOVRUSDT,MOVRUSDT-aggTrades-2026-07-24.zip,55727,14ef5fa6c170c2763055f394a400238bcc61b641fbe397cf76d33606c081b20a,1
2026-07-24,MRVLBUSDT,MRVLBUSDT-1m-2026-07-24.zip,22807,b6e2e227eda6f9d88bd7c16cd25fdcbd6f0018719a87bbdd0b7466ff4adbe9ff,1
2026-07-24,MRVLBUSDT,MRVLBUSDT-aggTrades-2026-07-24.zip,68001,1a722e465a2f93ecdb273e9910fa80f2f08360c93386dfe42ab1a401601b197e,1
2026-07-24,MSFTBUSDT,MSFTBUSDT-1m-2026-07-24.zip,17153,fd36b6f2d188ea45645051013aaf301018fb7f64226262253dcd02e19ce7ddde,1
2026-07-24,MSFTBUSDT,MSFTBUSDT-aggTrades-2026-07-24.zip,21700,299ca5386408b154636b312c750f9ea54370d28a8302664d440f116ba340c02a,1
2026-07-24,MSTRBUSDT,MSTRBUSDT-1m-2026-07-24.zip,31446,5adb9b0dc40d9f0e33fbb21f35f3551180c0b082fd9c38bbb29c626d5941b400,1
2026-07-24,MSTRBUSDT,MSTRBUSDT-aggTrades-2026-07-24.zip,211611,928488bb302c8a42b38ceaf4872d2f261711410c3a44dfec279fd3d9e3ce6a2a,1
2026-07-24,MTLUSDT,MTLUSDT-1m-2026-07-24.zip,10718,2669848eea2bf64b2a23b401e5272929b5dbc068a47801ff2f1a4002b8a49be3,1
2026-07-24,MTLUSDT,MTLUSDT-aggTrades-2026-07-24.zip,4257,36aca2a3291ddcba8ad0f751b0e88c41daa65f9fe9fc51a9f821fb56d3155cd0,1
2026-07-24,MUBARAKUSDT,MUBARAKUSDT-1m-2026-07-24.zip,28112,617ecc820602167720352e3a543f31bbb4f4fe5ac5873dc5e78ccdd146d0f2bb,1
2026-07-24,MUBARAKUSDT,MUBARAKUSDT-aggTrades-2026-07-24.zip,55881,fbf4d7ebf850541fbb49c91bf422fa462d53c3eb8300627246889f72cad2b512,1
2026-07-24,MUUBUSDT,MUUBUSDT-1m-2026-07-24.zip,28000,4ace8116bee86e5c21f7607d834ffab777c1da9735b1d1ff457b0e3c8af528fb,1
2026-07-24,MUUBUSDT,MUUBUSDT-aggTrades-2026-07-24.zip,70954,aada63a79e1b41e86a742311bb0ab1b9bc6ae92c16575d5d58880bae5265e0b6,1
2026-07-24,MVLLBUSDT,MVLLBUSDT-1m-2026-07-24.zip,19273,6bce28c76ff008410098ebef114cebe5342f52d1b9a5bd52b3ccca92f18b5e10,1
2026-07-24,MVLLBUSDT,MVLLBUSDT-aggTrades-2026-07-24.zip,26702,97878f4e93a815feea73acdd22901a91de13168098650711a4cb7a8193a5c13a,1
2026-07-24,NBISBUSDT,NBISBUSDT-1m-2026-07-24.zip,32593,90075e940564dd531921d6cf8a7d5aa14f5077d66c0d3c3997aaa7cb4a992513,1
2026-07-24,NBISBUSDT,NBISBUSDT-aggTrades-2026-07-24.zip,92576,1331dbcd9e4356d187634d3230f0c50bd30c816d56c63131f6510abba92db143,1
2026-07-24,NEIROUSDT,NEIROUSDT-1m-2026-07-24.zip,46082,8f49a289017e8a7ab12a318310d09a78e390d1769ac11f0de027878c85d7a715,1
2026-07-24,NEIROUSDT,NEIROUSDT-aggTrades-2026-07-24.zip,334287,48d497168f70920a4015a85be9aa4e2347bc973be5065a80253e7b29d9825582,1
2026-07-24,NEOUSDT,NEOUSDT-1m-2026-07-24.zip,27093,cb992af4ddc03cf5c397563c428ac430bce731d5c1c560d220542ff4d4792692,1
2026-07-24,NEOUSDT,NEOUSDT-aggTrades-2026-07-24.zip,45926,ef8f564e42497c3b7b8914c4990a9a7b4e2c3fca10087d6a2a900061cba8976b,1
2026-07-24,NEWTUSDT,NEWTUSDT-1m-2026-07-24.zip,23404,11a0871cd8c6b83555b9291cb9713eb0c1e06842721582164725d38d076252d9,1
2026-07-24,NEWTUSDT,NEWTUSDT-aggTrades-2026-07-24.zip,37511,672ed7e0aa43b4f573b54e0dc05d6913e8c34b4bb5e2f53302682f1dba170546,1
2026-07-24,NEXOUSDT,NEXOUSDT-1m-2026-07-24.zip,31483,004deca5ac75971247758171ac89a72ce0ce2693b74a84866130490763017d4f,1
2026-07-24,NEXOUSDT,NEXOUSDT-aggTrades-2026-07-24.zip,91997,b553f2c7ba34dec31ded59d35279039c23fdefa356b0eda94b893dc8ae6926b3,1
2026-07-24,NIGHTUSDT,NIGHTUSDT-1m-2026-07-24.zip,43958,675244b9401a0cfa52b4fae32b4295e6c48a70e187bb4a32280fbd7cf34ef47d,1
2026-07-24,NIGHTUSDT,NIGHTUSDT-aggTrades-2026-07-24.zip,256898,b9681b6b8ef0c4c6098d65475e28d38bacb8724bf64bd3378547ea444f55de94,1
2026-07-24,NILUSDT,NILUSDT-1m-2026-07-24.zip,33220,f6ac54a5d8f3916f8c942c02b193d7c2054728557680d1dfae39453991164617,1
2026-07-24,NILUSDT,NILUSDT-aggTrades-2026-07-24.zip,64191,7e49550232096b68b2b86508a817d6de26b36d3e5dd1df5320bb8a6245153802,1
2026-07-24,NMRUSDT,NMRUSDT-1m-2026-07-24.zip,15176,166c3babda11cab62b473bdd62e64860cc37c3ef4d1f4baa51040c7fc285f27b,1
2026-07-24,NMRUSDT,NMRUSDT-aggTrades-2026-07-24.zip,11096,6b86bfc5e5b9ca16b507b6c75417d0c37a82c0192b8145d7e32bbd78fc5a5387,1
2026-07-24,NOKBUSDT,NOKBUSDT-1m-2026-07-24.zip,19288,8efb47753e419c035c3db5ae53edcb8a8da60de8aa3ae66c17462548859df3d3,1
2026-07-24,NOKBUSDT,NOKBUSDT-aggTrades-2026-07-24.zip,26281,afb93a005bb3e7449cd6011b3749a3b180435cce678583acda49bb6cf6907695,1
2026-07-24,NOMUSDT,NOMUSDT-1m-2026-07-24.zip,23186,768b9d1f2282a1044bfd9227b6ed2570c4e72bc01284c3398e783e1453fcd7e9,1
2026-07-24,NOMUSDT,NOMUSDT-aggTrades-2026-07-24.zip,69174,ce72a2d87cf4b43bf140ca57e932091d7c0b59e5b9ad7d9c76bc2cd9df3da456,1
2026-07-24,NOTUSDT,NOTUSDT-1m-2026-07-24.zip,21163,442922519a838721a1091f9a40c24889c339130de74e9da290711e94321b096e,1
2026-07-24,NOTUSDT,NOTUSDT-aggTrades-2026-07-24.zip,26421,e0acc923a64fb2cc08012ffea9c1b7adbc3ac7577ce1e0f252c373c79ed51390,1
2026-07-24,NVDABUSDT,NVDABUSDT-1m-2026-07-24.zip,32077,b784469e01a20132ca9559e13efc4df46ad164e1b139e12f339ff28c89ed2228,1
2026-07-24,NVDABUSDT,NVDABUSDT-aggTrades-2026-07-24.zip,97681,c9d9467abbef43cc0019526f7b887a5a6360f5697e2730cf6574c25429ac56e9,1
2026-07-24,NXPCUSDT,NXPCUSDT-1m-2026-07-24.zip,36814,a82d1e90b7bf6e21529430220296941f4a19056f5d73a80b0c1e90d77ce1d917,1
2026-07-24,NXPCUSDT,NXPCUSDT-aggTrades-2026-07-24.zip,95897,e354864afd8cb442cc0b5077e920775f166054e8cd5fe437f13f7417ac409d91,1
2026-07-24,OGNUSDT,OGNUSDT-1m-2026-07-24.zip,20484,91e5134d08add72ac37c35327f96ef8c6e0cb3aba6c09eabb19c5474583019b9,1
2026-07-24,OGNUSDT,OGNUSDT-aggTrades-2026-07-24.zip,31496,c9665c20589d948e0caedff4019f829dd39ca9a67313cd3fd23d0679d41327bf,1
2026-07-24,OGUSDT,OGUSDT-1m-2026-07-24.zip,21039,f029e9c418d7d3a221e04c574d3bf627acc71a3f22b9f83bcae0da8df76ead11,1
2026-07-24,OGUSDT,OGUSDT-aggTrades-2026-07-24.zip,26938,fa46b48f425a82ddb32e9f0d1c3a817e9a9aea54f095b043d5684e4e8209f590,1
2026-07-24,ONEUSDT,ONEUSDT-1m-2026-07-24.zip,27082,e84f643d57ceb7c0f76bb44954c32ed46fdba2e0f71bebc8ead38dc381ad1901,1
2026-07-24,ONEUSDT,ONEUSDT-aggTrades-2026-07-24.zip,94910,e5daf34ba4fb4287d46ce4752884ee02dfb27a1bcea62a1e3e319c54ea8c08d8,1
2026-07-24,ONGUSDT,ONGUSDT-1m-2026-07-24.zip,19388,45cc78f4bda2e8de251beae2106069ae536aa2378c92d4739813c4889ad6d314,1
2026-07-24,ONGUSDT,ONGUSDT-aggTrades-2026-07-24.zip,20641,3796e3976f8ae535ba9fc3f1185ea82b7e38b1a29cfdfc30fce330833e23fbfc,1
2026-07-24,ONTUSDT,ONTUSDT-1m-2026-07-24.zip,21536,b264c956cffddbd69b16c42bffe72a10af79c36f48f3597747c53150beba5906,1
2026-07-24,ONTUSDT,ONTUSDT-aggTrades-2026-07-24.zip,32046,4af43f97ba65844c09c09d59352096550ae9da84bb2dd53029f49eeeb46f2a75,1
2026-07-24,OPENUSDT,OPENUSDT-1m-2026-07-24.zip,34430,5098d393b0872158e529b5c940b7120957cff4b33be41877e6842fba712d251b,1
2026-07-24,OPENUSDT,OPENUSDT-aggTrades-2026-07-24.zip,144744,a46ea9acc3da7c2cdd73a98da043abf544b898c092d4afc38c3ea1386e9aaddc,1
2026-07-24,OPGUSDT,OPGUSDT-1m-2026-07-24.zip,28160,13facb1ff34feaa2ef9d21721ebcd89ef7cb599396e1160dd387bbac8ce8654c,1
2026-07-24,OPGUSDT,OPGUSDT-aggTrades-2026-07-24.zip,63599,b5abe3cd8efb2208e8514c886b2a2e68b5bbfaca7b6bab10a52f16a26e011395,1
2026-07-24,OPUSDT,OPUSDT-1m-2026-07-24.zip,37520,3710db4242e3651287f19e5abda56ea0f2e226e4d4e06108d5af841d0197e0ae,1
2026-07-24,OPUSDT,OPUSDT-aggTrades-2026-07-24.zip,141053,a320d7b041a925af283658199d49a84ab477478cfdf091eafc827d9310ede9d6,1
2026-07-24,ORCAUSDT,ORCAUSDT-1m-2026-07-24.zip,22448,b158e3506a965e70caf053254902d6afbd90e8a24d35beb014f89aff9376cb33,1
2026-07-24,ORCAUSDT,ORCAUSDT-aggTrades-2026-07-24.zip,29462,14435eb47f7d22bb22dbeb0e06e356b6438748cd528db96ea0bfe6a4fc3c0163,1
2026-07-24,ORCLBUSDT,ORCLBUSDT-1m-2026-07-24.zip,18505,7c3338692625754adba820c5b7fdcfb0fbd9756f206ee37259d55c1030bdebec,1
2026-07-24,ORCLBUSDT,ORCLBUSDT-aggTrades-2026-07-24.zip,30899,b04c8fd53fb9c0e0463cdb7878d63481ea1e51094898166e546198e3ccf11b55,1
2026-07-24,ORDIUSDT,ORDIUSDT-1m-2026-07-24.zip,39128,af31300e516bcdb084d3562f200d51adcaf736e8cc69a3a9766546f3a0e82fbc,1
2026-07-24,ORDIUSDT,ORDIUSDT-aggTrades-2026-07-24.zip,193196,345601d9ba795bc3c34113a674573fdf594565e4c6779ceec2edbccc512c7dc0,1
2026-07-24,OSMOUSDT,OSMOUSDT-1m-2026-07-24.zip,28236,c562c9e2cfadb326a0e89ecddfe0614b9c3fb938b2d0a63942cc847c3bdbf3bb,1
2026-07-24,OSMOUSDT,OSMOUSDT-aggTrades-2026-07-24.zip,44886,34dcce5da49462bd86d947b7e629c4f78bbb73977a9227da13079934b258463a,1
2026-07-24,PARTIUSDT,PARTIUSDT-1m-2026-07-24.zip,26363,9b482fb33b02b65b3f9531ebf6d27b0ba9b0057dc759b59502d749e4c3ff659c,1
2026-07-24,PARTIUSDT,PARTIUSDT-aggTrades-2026-07-24.zip,79673,275ae4d3ab1d89a3e935da556d300826fc0d17e8d2ff179e7bff317bb7ecbc49,1
2026-07-24,PENDLEUSDT,PENDLEUSDT-1m-2026-07-24.zip,33434,be0217c6ffaae9a1409b3944f14bb3f4a50805c57d0a491a6dc60db20290ad56,1
2026-07-24,PENDLEUSDT,PENDLEUSDT-aggTrades-2026-07-24.zip,116720,07353d19998e4ba0bb89624522a9b5b219b382b5db705b7c147e1310ef5edf6a,1
2026-07-24,PENGUUSDT,PENGUUSDT-1m-2026-07-24.zip,49494,d964039995c11ceebd0ad99df0aec6b7be04bad5764df4fb167ade30c9c336d3,1
2026-07-24,PENGUUSDT,PENGUUSDT-aggTrades-2026-07-24.zip,339168,72d3718a6f560a386dc56db999a986340855c3e45ff7c6e16bf1d655c9df7674,1
2026-07-24,PEOPLEUSDT,PEOPLEUSDT-1m-2026-07-24.zip,20060,7d1b5f8556a460129655ce725a348c717e09bf35286b628e4a75a8cfe12d3bd6,1
2026-07-24,PEOPLEUSDT,PEOPLEUSDT-aggTrades-2026-07-24.zip,27529,c391354ee284256a05319fb593fd8b07d89f16de970583400752b54529cd9cff,1
2026-07-24,PHAUSDT,PHAUSDT-1m-2026-07-24.zip,20106,287aa33f80d8eabc1ce5ff80290614349d4b542ef50c1a0f86895b8ea2f9cab1,1
2026-07-24,PHAUSDT,PHAUSDT-aggTrades-2026-07-24.zip,31993,d3f359991809c6e153bdb61f0af1b44b24edc885a65721912ccd0c8c9b4d9163,1
2026-07-24,PIVXUSDT,PIVXUSDT-1m-2026-07-24.zip,25380,2d5e661154428a3184ee0da38c5bd6629f222af229c9bce60abe327a7d472ec8,1
2026-07-24,PIVXUSDT,PIVXUSDT-aggTrades-2026-07-24.zip,45209,8908fcf89a40d20954ef0c64f31b23867b130d1376fdeadb1bf2c7ed4853f4f2,1
2026-07-24,PIXELUSDT,PIXELUSDT-1m-2026-07-24.zip,26782,407aff1cb3b9bfc1b80d41001868b581283006b94e3881418812d27228c7c637,1
2026-07-24,PIXELUSDT,PIXELUSDT-aggTrades-2026-07-24.zip,56330,e1d7f9ad540c4ff196c76774e58a3ea7a050e382d94f4169ec151193e2230a3e,1
2026-07-24,PLTRBUSDT,PLTRBUSDT-1m-2026-07-24.zip,21737,050c543f3c17ac490853df9b7fc342b01480cb4a6121d5297759fc9e8e0aed96,1
2026-07-24,PLTRBUSDT,PLTRBUSDT-aggTrades-2026-07-24.zip,33488,61e54e31d53f29fa942f1b49c0672507d3555704197fec6380db93a25e8b9b6e,1
2026-07-24,PLUMEUSDT,PLUMEUSDT-1m-2026-07-24.zip,36347,b1cbbb01f59d2445133f253bce578bd22e9ada5f4e2a200de12d7073dbf4b9fb,1
2026-07-24,PLUMEUSDT,PLUMEUSDT-aggTrades-2026-07-24.zip,127830,5ac9aa0e97a701799aaf1d0860ff0ee5bb5c90e921f71918e2cfb3d5e888e253,1
2026-07-24,PNUTUSDT,PNUTUSDT-1m-2026-07-24.zip,21627,3e19ceab3cf4c39295e066c8be1e78e377b8dd389049f864b6a3a0138ab530e1,1
2026-07-24,PNUTUSDT,PNUTUSDT-aggTrades-2026-07-24.zip,58306,6da957fa692476056e3d11ae0a03a0a10ea09b79de400f31d7dc28fe1e8f45f7,1
2026-07-24,POLUSDT,POLUSDT-1m-2026-07-24.zip,47220,0978bb8b0dd093caa0bcdfd0f49e1320607565a011a2a14d9be7c0f42278cc27,1
2026-07-24,POLUSDT,POLUSDT-aggTrades-2026-07-24.zip,309260,5e24357b301d54e15ce6687ee3c208bcd7a5f02ab0754b7f2ec88acb422eb53a,1
2026-07-24,POLYXUSDT,POLYXUSDT-1m-2026-07-24.zip,15991,0a15aa1c5ca4eb8037d7e72d7be9c055203b08111e3cf3d1198ff47657f37bf5,1
2026-07-24,POLYXUSDT,POLYXUSDT-aggTrades-2026-07-24.zip,25160,01c9e1c1f6427f1b20a94febddc4cc63723376bb3edfde35bb9d87d3f0fb8106,1
2026-07-24,PORTALUSDT,PORTALUSDT-1m-2026-07-24.zip,35029,3d3a06cf369b81c5215e9fe2aca2be072b5a062e38f9431ca8ad22366f4e07ad,1
2026-07-24,PORTALUSDT,PORTALUSDT-aggTrades-2026-07-24.zip,101796,3664beb5482cb907f700324cb725e9f16d948c4021f73f9413c801e43ef0f149,1
2026-07-24,PORTOUSDT,PORTOUSDT-1m-2026-07-24.zip,35132,782a92b0ab0ab4cc429c043a677ea7440eb404e704104cdd93f0b63140054149,1
2026-07-24,PORTOUSDT,PORTOUSDT-aggTrades-2026-07-24.zip,82778,a6f43f070f6f26742b1f9640659bed42a39e8d733688d346d791056fde43764e,1
2026-07-24,POWRUSDT,POWRUSDT-1m-2026-07-24.zip,15357,2e8a65d94dd7c67cba578b131bfd65f4c21ca19876f6f315f2cbfa88b8f6e6f7,1
2026-07-24,POWRUSDT,POWRUSDT-aggTrades-2026-07-24.zip,10607,206573f3ea281eeca41ab4f9dfa54c5cc0674c7280d344e71b5351dc43e73f77,1
2026-07-24,PROMUSDT,PROMUSDT-1m-2026-07-24.zip,51149,c3cba4fc3b1d3cc5e92bac2c51a23942356ea3cb2dcfa47239fdc352a7c9ed93,1
2026-07-24,PROMUSDT,PROMUSDT-aggTrades-2026-07-24.zip,722102,d7e81ed4a7c10e93e2d9247d937d9600a90655fd608dfedbd0c9d41f06fa69e1,1
2026-07-24,PROVEUSDT,PROVEUSDT-1m-2026-07-24.zip,22950,8bd3f1ec2f11571a791eaf586cb73a6fc664b8212f85dcc3ed6d9484823a59cf,1
2026-07-24,PROVEUSDT,PROVEUSDT-aggTrades-2026-07-24.zip,48615,ccf9a348dfe9eacc486c69c95fdd5ca1b66b725deabe71b4f92662377fffab09,1
2026-07-24,PSGUSDT,PSGUSDT-1m-2026-07-24.zip,26580,3ae5180e1a587471b669160de3c78d1cc21f13781625f68e6b45b885c731ad31,1
2026-07-24,PSGUSDT,PSGUSDT-aggTrades-2026-07-24.zip,39668,61aa7df2f1ddb3180e27f0f6ca907851a766bd6e912d76f6890a827a87c08352,1
2026-07-24,PUNDIXUSDT,PUNDIXUSDT-1m-2026-07-24.zip,13027,3f734d58cee7c19da6f45f3d5fb1e2609c0dfa72e06005e7e03f9afd9795fb11,1
2026-07-24,PUNDIXUSDT,PUNDIXUSDT-aggTrades-2026-07-24.zip,5662,30a314b1aad260f26f1d5fdd288089b2227f7478c028a1ff93cbbcd2e6224aa3,1
2026-07-24,PYRUSDT,PYRUSDT-1m-2026-07-24.zip,41422,ad5df6b5a35abe9be3263f5fd6b46790fa97edbff263b30d79066e92323a4850,1
2026-07-24,PYRUSDT,PYRUSDT-aggTrades-2026-07-24.zip,157423,006e9ab96eff74786c30297026efaf8b0a2baaf2074862088c43cd1ce57f3b2b,1
2026-07-24,PYTHUSDT,PYTHUSDT-1m-2026-07-24.zip,43003,6e1b3f0c6f794d039416d93802fcc70fce565b985a06c51eed2befd990285a28,1
2026-07-24,PYTHUSDT,PYTHUSDT-aggTrades-2026-07-24.zip,311127,0da280e725265e30450e44c0c2face5044a174aab7edb7e769d7e3016e8cb892,1
2026-07-24,QCOMBUSDT,QCOMBUSDT-1m-2026-07-24.zip,22970,eef59f0840f5a9940b7c063e4a63b684e9ba975a17c286df68261994ade156c5,1
2026-07-24,QCOMBUSDT,QCOMBUSDT-aggTrades-2026-07-24.zip,52365,8b4711b102fef0c7a65a16cc97cec8b0291d24d6d0ffc7ec17ac97c4c264f31c,1
2026-07-24,QIUSDT,QIUSDT-1m-2026-07-24.zip,35241,e8e60eebd28d1468fc0511292bb98f5e3c113e6ed1f1cc0301eff06ae94b7a0f,1
2026-07-24,QIUSDT,QIUSDT-aggTrades-2026-07-24.zip,68758,e75d88f422073d16aeae6e70083bd34b405b75b65994f3935d7ae425f1a1f309,1
2026-07-24,QKCUSDT,QKCUSDT-1m-2026-07-24.zip,25734,15c0ab93b32792c4aabba8ee8bcd3630e867d6af73473e793b1a0e48ea6ae9eb,1
2026-07-24,QKCUSDT,QKCUSDT-aggTrades-2026-07-24.zip,35219,e14b6f03ab8c18de2142e9d256525820bf62ba661034e0bfa1d4e6044b10fdae,1
2026-07-24,QNTBUSDT,QNTBUSDT-1m-2026-07-24.zip,14540,e759b6ecd76542808e622f341d67f2bcfd92803ad70a6623f0a65709443aef34,1
2026-07-24,QNTBUSDT,QNTBUSDT-aggTrades-2026-07-24.zip,6072,920712b169031fdbe1818a6c9cfbb21a733d2b3992c7e8d6bb580e671f2c957d,1
2026-07-24,QNTUSDT,QNTUSDT-1m-2026-07-24.zip,28726,d7ee12318efcb2bdcbb55daeafc8801055ff66b6f50594a116e636095ed64ee2,1
2026-07-24,QNTUSDT,QNTUSDT-aggTrades-2026-07-24.zip,102822,93390d39c900258eaaad710b4f9239b93d54b262eecc69c844bdca8cca52d4f6,1
2026-07-24,QQQBUSDT,QQQBUSDT-1m-2026-07-24.zip,30832,41eb3c3945e483a6e47e26c5b9adeb8f5329c7a40d1a6f95d31e6e434d573cfd,1
2026-07-24,QQQBUSDT,QQQBUSDT-aggTrades-2026-07-24.zip,157287,8689d6aa5472600572a0178584698f3c5d4004b68d92f0e9683c9a7659530b23,1
2026-07-24,QTUMUSDT,QTUMUSDT-1m-2026-07-24.zip,29782,15688c75efe99edf91ca8b73a42a91606ba18679d0b5803bf15a4bb61f7e48fd,1
2026-07-24,QTUMUSDT,QTUMUSDT-aggTrades-2026-07-24.zip,81180,e125716f116e1effecc8c089848af0ff404147d67fc30c6c026f1e855f2101a0,1
2026-07-24,QUICKUSDT,QUICKUSDT-1m-2026-07-24.zip,17263,81e1fc3487d0f9d479c8aaacff1d3babb9b9ec1ef12698e3231dad24d7d199e6,1
2026-07-24,QUICKUSDT,QUICKUSDT-aggTrades-2026-07-24.zip,15230,9e4013921e85d255ec2c82c0433719a63d63e04687a6a1174000ccf22b93fc3b,1
2026-07-24,RADUSDT,RADUSDT-1m-2026-07-24.zip,22922,638c3430d50acf9ef7b51507936f8b3930a48459eed791702a5ae386968507ff,1
2026-07-24,RADUSDT,RADUSDT-aggTrades-2026-07-24.zip,29496,91f8a90a7724af0247df290e72996482bad2c751d6e6c555e7c40b8e4ae0fe90,1
2026-07-24,RAREUSDT,RAREUSDT-1m-2026-07-24.zip,20372,af96b878941c4d5c79a0446bc10416aa4abb23da852eeee28837616d35f7f845,1
2026-07-24,RAREUSDT,RAREUSDT-aggTrades-2026-07-24.zip,26394,8acebde681bcf7a028564aa0289c6265e17da9cdb7dedd6f9ab64f373d0eb698,1
2026-07-24,RAYUSDT,RAYUSDT-1m-2026-07-24.zip,26427,d1b1f36c5e0aa3eb5e9b5665d5107134bdf629d1b7a3d1e7e79361c2cbebda3c,1
2026-07-24,RAYUSDT,RAYUSDT-aggTrades-2026-07-24.zip,65429,225ad25e6b9bc9fe99ad5b752432c066ba8e678034099bbe2da3cfffc260f8aa,1
2026-07-24,REDUSDT,REDUSDT-1m-2026-07-24.zip,21303,28d25454b41e9b0ad04c7e388a82b761970bad8af4faa4fba93937fdc5da994d,1
2026-07-24,REDUSDT,REDUSDT-aggTrades-2026-07-24.zip,33305,aeb5d792480ef5324c582a0bbae142b988ab50041f3ce1d8ba6393d63153e514,1
2026-07-24,RENDERUSDT,RENDERUSDT-1m-2026-07-24.zip,34148,084142d52c0c1625e93a0199deecd8ca592e5c464d1b031be132dca410daf028,1
2026-07-24,RENDERUSDT,RENDERUSDT-aggTrades-2026-07-24.zip,82038,d3e46b8349ac009ec19d0154e968d9e571f22fffea27989619077256dbdc664e,1
2026-07-24,REQUSDT,REQUSDT-1m-2026-07-24.zip,20028,59e88f757812fe7a57025769e03aee2c5261ae3d2420f7b141fa762274bb5368,1
2026-07-24,REQUSDT,REQUSDT-aggTrades-2026-07-24.zip,19506,fb5b2e3828effc0b8e96fbd157c3da73dcb2682088df9e52c88ac2894a071806,1
2026-07-24,RESOLVUSDT,RESOLVUSDT-1m-2026-07-24.zip,28402,b61f382df771385476af9d6739da4061123f11498487ae0381b0cc840d9fcfd7,1
2026-07-24,RESOLVUSDT,RESOLVUSDT-aggTrades-2026-07-24.zip,55847,aee60ea9cd19f3ab0a0c82e7f7ea7af69e264f217b7e9e534a0f8d51b846356a,1
2026-07-24,REZUSDT,REZUSDT-1m-2026-07-24.zip,34569,f731838fa8e69870e9c179c5cb3016d50e3d145e5ad0e07fa842d69973b2ab14,1
2026-07-24,REZUSDT,REZUSDT-aggTrades-2026-07-24.zip,129874,9b9ea526917081dbe34c21f4da779e19c833f01b8f015861611d786107bccb98,1
2026-07-24,RIFUSDT,RIFUSDT-1m-2026-07-24.zip,52344,57047bc9947adf046079a997558c4550aac2d1f0947c7db7f3b3a2f4079cefeb,1
2026-07-24,RIFUSDT,RIFUSDT-aggTrades-2026-07-24.zip,1574722,0f3135b830108eb3f336db7d4238f8c18e511972fa62896794440ecae3682f35,1
2026-07-24,RKLBBUSDT,RKLBBUSDT-1m-2026-07-24.zip,22166,79def9ee4ae6034e10aee7268f03bcc2fb8b8826c1d5e9157e6023c200186e3d,1
2026-07-24,RKLBBUSDT,RKLBBUSDT-aggTrades-2026-07-24.zip,41512,95a99944d02c0fa36435c8943ab9f42d8a27419f9abc52155c56a0d24d032368,1
2026-07-24,RLCUSDT,RLCUSDT-1m-2026-07-24.zip,16800,412c16cc3de888a7cb0b614e30f554612e2119ab0dcf7d8eec68cf157c02f359,1
2026-07-24,RLCUSDT,RLCUSDT-aggTrades-2026-07-24.zip,17362,7c77942cb8ec93617c5dc82404685bc9fbe1a4925c26e7c4ca2008e5f8369b90,1
2026-07-24,ROBOUSDT,ROBOUSDT-1m-2026-07-24.zip,24231,59eb1b12b3b16f6b8298cee7e98c24d6ba836bb0851816278e7c38cdfc4c7a1c,1
2026-07-24,ROBOUSDT,ROBOUSDT-aggTrades-2026-07-24.zip,43095,a30ad14688994372d566c72386987e44df3b32eb08f81f9b46ec6e0b316509f4,1
2026-07-24,RONINUSDT,RONINUSDT-1m-2026-07-24.zip,25838,2d0bd26fdb3e26e30265b39fcf801605d82ede2d29e0a2ae60cd2f93bccca0d6,1
2026-07-24,RONINUSDT,RONINUSDT-aggTrades-2026-07-24.zip,52361,7fcf743ab23121c1c6ab20ab8a230435d1c79a17a703725f16b3357207500d0c,1
2026-07-24,ROSEUSDT,ROSEUSDT-1m-2026-07-24.zip,25744,d9e5fd8ec7a33bd35f34ef38998e61b315b5e57cb14f789dc7c5a234b4c7cbae,1
2026-07-24,ROSEUSDT,ROSEUSDT-aggTrades-2026-07-24.zip,42356,d179250fdc8e46ec3af7fd5e0414ccd4d7102ce1b0c0c8ca58390ce16e4575dd,1
2026-07-24,RPLUSDT,RPLUSDT-1m-2026-07-24.zip,15101,a207773689bb9b23ddb607b1cf474ea2befb0506c1a545cdc601a1bb606d168a,1
2026-07-24,RPLUSDT,RPLUSDT-aggTrades-2026-07-24.zip,12940,88d39b0ba061e4672d2bfd1390cfb72d6d30b33df5eb2fefd1b14aed7c0bd52d,1
2026-07-24,RSRUSDT,RSRUSDT-1m-2026-07-24.zip,25410,5de734663043298488788d3ecf0f90a31a46774c3448aa9b3660164ccec04912,1
2026-07-24,RSRUSDT,RSRUSDT-aggTrades-2026-07-24.zip,43221,9409ba9b49c7e42fcc0098b21e90254542a136b5a4128561e54f7a5a915cf55b,1
2026-07-24,RUNEUSDT,RUNEUSDT-1m-2026-07-24.zip,19114,b76a3f1333c84370204b44459852212046eebf413bfeff3434ed28e4a281d2b6,1
2026-07-24,RUNEUSDT,RUNEUSDT-aggTrades-2026-07-24.zip,36872,5ae998cd5d39224f22b2852a20899db3063bd28cf54c56692a6ebbef89a5d10d,1
2026-07-24,RVNUSDT,RVNUSDT-1m-2026-07-24.zip,18760,1d7f5f0a1c12408f1b4117175c9fcc60fa074e3eb2b0b7f563ee9620789978fd,1
2026-07-24,RVNUSDT,RVNUSDT-aggTrades-2026-07-24.zip,21943,883c355f0589523f622c9da66a4171e293269aeb924b39bc734a623a5f6740a1,1
2026-07-24,SAGAUSDT,SAGAUSDT-1m-2026-07-24.zip,37369,c05b60548cb78ffadbddffb777d5ee0eae549d01d8cac2803271ecc1e6176000,1
2026-07-24,SAGAUSDT,SAGAUSDT-aggTrades-2026-07-24.zip,321991,a29fab9ea3f786449cb34328be0961bf8aaa4ca3480c73534848ec09bfd66b1e,1
2026-07-24,SAHARAUSDT,SAHARAUSDT-1m-2026-07-24.zip,24646,c33486c7ec54c21a077954be7ac7e73a0a922106d3a9ed92e52bf291ec625e72,1
2026-07-24,SAHARAUSDT,SAHARAUSDT-aggTrades-2026-07-24.zip,50005,81fd28f5e14a9d51f5080ff203691f21e14cfd426d251e2f3c31c18ece234f54,1
2026-07-24,SANDUSDT,SANDUSDT-1m-2026-07-24.zip,34517,c4b5a83f2e2540567216614171a2d0277d6e425e3b17b70135dc1154e0bb0c33,1
2026-07-24,SANDUSDT,SANDUSDT-aggTrades-2026-07-24.zip,194352,445c0ccce699f08c39c77e84f28bf9743fcc26c555d37858d04c15ca5d0e903c,1
2026-07-24,SANTOSUSDT,SANTOSUSDT-1m-2026-07-24.zip,18436,bfdacfbd7daab9c315f82c65dc159bef5252bff32e36f6438c39a9f327c44cdf,1
2026-07-24,SANTOSUSDT,SANTOSUSDT-aggTrades-2026-07-24.zip,25052,91965bf8cd2cc764d913b9a453bdff4394257c844881096460f1bf1a4daec1b7,1
2026-07-24,SAPIENUSDT,SAPIENUSDT-1m-2026-07-24.zip,25637,58eb466da0fc9fe9b4898ca1755fed12fdd3c5ef8a3a530e77e5a213334db27d,1
2026-07-24,SAPIENUSDT,SAPIENUSDT-aggTrades-2026-07-24.zip,60679,ece630ea967d4cbf33b43f00de255fe1c4822b78906221f13dddcab74c492bd4,1
2026-07-24,SCRTUSDT,SCRTUSDT-1m-2026-07-24.zip,21674,c49a992461921f7dc46a633d044cb66dfb9103446f39bf4983d87f0c35a82266,1
2026-07-24,SCRTUSDT,SCRTUSDT-aggTrades-2026-07-24.zip,35097,d4d504d1ed2412b8dc033902722368bd35c381e672b19fd15e3d51bcfdfe2b2f,1
2026-07-24,SCRUSDT,SCRUSDT-1m-2026-07-24.zip,36142,59893ff556fc592140f1d8237da01ddee48d4ac1b8f90e9b4e187c5ceb16d9c6,1
2026-07-24,SCRUSDT,SCRUSDT-aggTrades-2026-07-24.zip,228486,d5a2da680cff98c39af2b6ca0357e37dea5c16a46983daff593aaa56b7a4dc89,1
2026-07-24,SCUSDT,SCUSDT-1m-2026-07-24.zip,22856,169e8fa59155c3ae156a800d447f7e364f694cdf3b31da015c68a6a182786bef,1
2026-07-24,SCUSDT,SCUSDT-aggTrades-2026-07-24.zip,26588,d768783b400bfe958fe86c0edc23b80343b6946e9ce00dc87578fdd84f38dd61,1
2026-07-24,SEIUSDT,SEIUSDT-1m-2026-07-24.zip,45177,220581722eccf1d5d77c94a93b2b7a22beeab7dbe196eea02877ea0dcda6efbf,1
2026-07-24,SEIUSDT,SEIUSDT-aggTrades-2026-07-24.zip,278676,f0156155df54a2888df331f2c56197dda240770a226e2fe6f55425abc8846d80,1
2026-07-24,SFPUSDT,SFPUSDT-1m-2026-07-24.zip,16818,acfa5f2a82a31906e260507afedea2c9a4e9ecfe85e0893144f5e12ba32adca7,1
2026-07-24,SFPUSDT,SFPUSDT-aggTrades-2026-07-24.zip,18734,af4fdebd616c19dc069f6d299f3df9c24259610c4777beb427f59af6cc593c27,1
2026-07-24,SHELLUSDT,SHELLUSDT-1m-2026-07-24.zip,17131,c77e94bf48b04b7d7e17f1e2c7c0c199ba54c830c3aacbf4300042efbaf621aa,1
2026-07-24,SHELLUSDT,SHELLUSDT-aggTrades-2026-07-24.zip,17588,02c730be52b1d88dfae218f4a0e0f76316d9cdd8a988dfbf04d9b451ac7c781d,1
2026-07-24,SHIBUSDT,SHIBUSDT-1m-2026-07-24.zip,44123,c4b837541c93c5d23a2ac717dcbe4934c4bd70a4c247cb03e3b34b128b5fee6d,1
2026-07-24,SHIBUSDT,SHIBUSDT-aggTrades-2026-07-24.zip,117575,803d4fe8e7bcba16b863cb9e819eebaf6c47640f99ea7ef3d483250ad271b8c0,1
2026-07-24,SIGNUSDT,SIGNUSDT-1m-2026-07-24.zip,27270,909864492b526f8a121b7f439d96952a77c2b9a09c779ccf3ae45e276669b325,1
2026-07-24,SIGNUSDT,SIGNUSDT-aggTrades-2026-07-24.zip,48505,b9a390ba6ecfb64fed9e0291c89da773fd9fab634761a93a288ed43bce91d40c,1
2026-07-24,SKHYBUSDT,SKHYBUSDT-1m-2026-07-24.zip,47676,4a60eac6f3810284f8080bbd445d32c1e1d3d42ddbbc611008df2c6cfef399b5,1
2026-07-24,SKHYBUSDT,SKHYBUSDT-aggTrades-2026-07-24.zip,560903,a0266a95722b587b7be438029d4171b0330d66386dfd931a292c173134f4f9bc,1
2026-07-24,SKLUSDT,SKLUSDT-1m-2026-07-24.zip,30602,14a85f5e8f4436df89d9d4f0141f0d30773c3e7a4f1a7879aca628c2e19d66ff,1
2026-07-24,SKLUSDT,SKLUSDT-aggTrades-2026-07-24.zip,187674,3780c448cdd26f6b1bff71f60f1e413b3ae5609f6c4e72a7609905da445c5094,1
2026-07-24,SKYUSDT,SKYUSDT-1m-2026-07-24.zip,43003,e7083b4217de626898e7d201608f5c4ea5695bb1563adbf75660375d1e23e608,1
2026-07-24,SKYUSDT,SKYUSDT-aggTrades-2026-07-24.zip,280177,9f9c38ed439d2e790cd55d98da3b75fc3219665b04159d94cc9e2c9eb5e2ec8d,1
2026-07-24,SLPUSDT,SLPUSDT-1m-2026-07-24.zip,20491,029e6ab136dac862d524d03a7c45702fa9b92ea5b44e2aab1609ae7565ecb2b6,1
2026-07-24,SLPUSDT,SLPUSDT-aggTrades-2026-07-24.zip,29744,35b183a847e2669c021bcc455009055b5d4f050c4188bc271921075503c9249b,1
2026-07-24,SNXUSDT,SNXUSDT-1m-2026-07-24.zip,19811,7aaa2c7d3c69455eb2433cf5c7fde5ebbf19fdc0bb2bda3da5a8884b16e83ea4,1
2026-07-24,SNXUSDT,SNXUSDT-aggTrades-2026-07-24.zip,42527,ec1874f493e1c1ddedefc9f8b6a9e46d449ceb4a6e1412e8c9677152b1141e47,1
2026-07-24,SNXXBUSDT,SNXXBUSDT-1m-2026-07-24.zip,28989,874ca7e0568d0c4dfb7d5322d078fdfbf0ca2d110b218a6faddeda01b55c2151,1
2026-07-24,SNXXBUSDT,SNXXBUSDT-aggTrades-2026-07-24.zip,105549,bf1d7741b7b38a7060d81f4f5dce3c6c9954b21a5952ed201c32aa417bede57d,1
2026-07-24,SOLVUSDT,SOLVUSDT-1m-2026-07-24.zip,16323,a3e7144e4d0d16f7e7badc07de0523e4b44a214d46462b469fe9e4eca40616b7,1
2026-07-24,SOLVUSDT,SOLVUSDT-aggTrades-2026-07-24.zip,22967,044ba38a7bd44582da98ee76c45fd8fe9b9cd5c6d8bffa95275d70882efb51f8,1
2026-07-24,SOMIUSDT,SOMIUSDT-1m-2026-07-24.zip,20922,4f755f2e22c8cb5e071e1c1fd5a81ddc3958d91b5eff8ffb16ad3e9517ec69c1,1
2026-07-24,SOMIUSDT,SOMIUSDT-aggTrades-2026-07-24.zip,27966,fc7f0825e45e5a76da65f2514e34730f2025be7062cf59fad9291bea85a1bea2,1
2026-07-24,SOPHUSDT,SOPHUSDT-1m-2026-07-24.zip,18177,44f59705d14a0c83dfe325263245792ec5bf50127b3fe4013923e274b52bd289,1
2026-07-24,SOPHUSDT,SOPHUSDT-aggTrades-2026-07-24.zip,20014,f01de88a705d2c1d1983408f56bc361b3a2f06e98e83bd3463f9115fac8852b6,1
2026-07-24,SOXLBUSDT,SOXLBUSDT-1m-2026-07-24.zip,45577,70b736f159694c1780da17ecdda6898e5d463400e365c33492cde03214df8143,1
2026-07-24,SOXLBUSDT,SOXLBUSDT-aggTrades-2026-07-24.zip,365920,907e3e3802ae534784fbc9f8414cf88baf8cba5de667301c1d5f76c21d0cbd16,1
2026-07-24,SPELLUSDT,SPELLUSDT-1m-2026-07-24.zip,24408,342d2d985401fdd1c7821428cc5b3a445d9c989e49675d12a11ab7291091e67c,1
2026-07-24,SPELLUSDT,SPELLUSDT-aggTrades-2026-07-24.zip,92384,0428948eff4fa3fafb730fcb967516ab7aa4c3cd9e9ff42a6fdf910869d6abf5,1
2026-07-24,SPKUSDT,SPKUSDT-1m-2026-07-24.zip,33148,ad697bba239e624e8202af246df7a79765762db7e8464566664c3577abae6a55,1
2026-07-24,SPKUSDT,SPKUSDT-aggTrades-2026-07-24.zip,168420,25feddc67563712cb7184472d580f1a0c9b231dbe1110d8f8e37a2dafd4acbdc,1
2026-07-24,SPYBUSDT,SPYBUSDT-1m-2026-07-24.zip,15446,49ecee098cec05542889a3eafbfd7c2faf7db18147452dbd9f778ddae709fb9a,1
2026-07-24,SPYBUSDT,SPYBUSDT-aggTrades-2026-07-24.zip,14003,07c625e0d792314fe1f410f26fcbc5d8e41399425d6692cbc5ce412e7788ec81,1
2026-07-24,SSVUSDT,SSVUSDT-1m-2026-07-24.zip,18753,7014afb83736f5de17828f9ed053338d80b2dc2dcafd7b330a93fc67bf97e032,1
2026-07-24,SSVUSDT,SSVUSDT-aggTrades-2026-07-24.zip,18728,7d19d632e00b4624c01bacb2f8d395a5257774e701d6b83991fd8060838070fc,1
2026-07-24,STEEMUSDT,STEEMUSDT-1m-2026-07-24.zip,16018,259db819591f2a9d6dacf52a600a991b0b69e801377cf9fcf9d2f8a72455c8b5,1
2026-07-24,STEEMUSDT,STEEMUSDT-aggTrades-2026-07-24.zip,24334,5c6eea7e0873d47fea14d3224af4e3379a6b068bb08e3f6859f64bd537cef438,1
2026-07-24,STGUSDT,STGUSDT-1m-2026-07-24.zip,23140,3aaf47f3210c67d8f42c3b64cc82cfc42ed776ce5c938089b748408a2e1fdd2f,1
2026-07-24,STGUSDT,STGUSDT-aggTrades-2026-07-24.zip,42468,153d5032a19e35adf8268f920920a59988b3c59ec3d3ba4ffd15fadebaf32854,1
2026-07-24,STORJUSDT,STORJUSDT-1m-2026-07-24.zip,13474,bb913bd1d43c9cd049ac933a065dba6d15cfe7428abcabc9f6bdc9b8b652d724,1
2026-07-24,STORJUSDT,STORJUSDT-aggTrades-2026-07-24.zip,7914,6b03886504c7c4b1aca02b8928322ecfd41eed1736e3ab56970d2a2174166f49,1
2026-07-24,STOUSDT,STOUSDT-1m-2026-07-24.zip,27844,1c652394b043657f398e693eee964cfbe8e43d9d03cf9db5e0b5f0e8b4b13c7a,1
2026-07-24,STOUSDT,STOUSDT-aggTrades-2026-07-24.zip,77123,a504b2b8b6463039a70190299bd14f81833ee682717a5de0b40966241465ae2f,1
2026-07-24,STRAXUSDT,STRAXUSDT-1m-2026-07-24.zip,27640,13eb8aab8dcf233f53261851befe02be143a75ba867907cd094e4e40fd69e101,1
2026-07-24,STRAXUSDT,STRAXUSDT-aggTrades-2026-07-24.zip,48613,58cc477104610f640be7c2e5b0c495e7a269368327be73a723c0ee175a806db4,1
2026-07-24,STRKUSDT,STRKUSDT-1m-2026-07-24.zip,34848,1b1581b9294e8715bba555aca2ff1fbbb4728cee7e911b90d509443d14e0e2cf,1
2026-07-24,STRKUSDT,STRKUSDT-aggTrades-2026-07-24.zip,135997,874e4c4c342f34d91b418a4a777a6f3903cac15bb95a54d23e8c747465fcdbb4,1
2026-07-24,STXUSDT,STXUSDT-1m-2026-07-24.zip,44569,1f3240078869fe0ea260081a4a5b58f0e124f593c443231caa2a7afcfb692597,1
2026-07-24,STXUSDT,STXUSDT-aggTrades-2026-07-24.zip,481052,9f863ffd21170af97e1ace31b339a85aecf31865a83e3f5c738139102fbdeaf8,1
2026-07-24,SUNUSDT,SUNUSDT-1m-2026-07-24.zip,20269,ae928af3fe077635e45d02f8af0c976b544cabf3072dc55fa8690c893dc585fd,1
2026-07-24,SUNUSDT,SUNUSDT-aggTrades-2026-07-24.zip,79012,153f7196dce2365d1110e02c1febc21f54a9732be8a758d5163e47f67a3d2267,1
2026-07-24,SUPERUSDT,SUPERUSDT-1m-2026-07-24.zip,16652,e79692756cf1c5ee736e065fd0075f9f8b71f11d8177581c1175a92f3d50bc81,1
2026-07-24,SUPERUSDT,SUPERUSDT-aggTrades-2026-07-24.zip,17901,7459217ef9f4580dbe72cf4479ed79aeaa07caba8fd38742760614aea2588cbb,1
2026-07-24,SUSDT,SUSDT-1m-2026-07-24.zip,32177,df361681548b2d51be30e1cdbfcf65886bc563c864b7a4be52ef5ed8d8284afb,1
2026-07-24,SUSDT,SUSDT-aggTrades-2026-07-24.zip,89864,e73c2f239f704b0e015195e9cdffef8bc0bb3d4b4983e84a30aaf596e09423a0,1
2026-07-24,SUSHIUSDT,SUSHIUSDT-1m-2026-07-24.zip,29693,9ecf8fc2bdfc21b474a907e5168d81c0e7d1e12c400dc9d572fad02bd0c54a80,1
2026-07-24,SUSHIUSDT,SUSHIUSDT-aggTrades-2026-07-24.zip,59837,4e73987b5eba1fb60036a823f5da59f776d95d039daff3322316a2ad9c864921,1
2026-07-24,TFUELUSDT,TFUELUSDT-1m-2026-07-24.zip,21550,d3ab6115f2949a463adef87317ac33da3fbfd3ed24b698d1935cd0fa537530f1,1
2026-07-24,TFUELUSDT,TFUELUSDT-aggTrades-2026-07-24.zip,22220,920642e4d06e1dbbc394f633d02f92bc1ee9e6cbfd4189450fce65aa1e3f4978,1
2026-07-24,THETAUSDT,THETAUSDT-1m-2026-07-24.zip,23640,7c887fa54554153a4548799f7809ccd9a2fe9e9ec2be8be13def54a2ace86d17,1
2026-07-24,THETAUSDT,THETAUSDT-aggTrades-2026-07-24.zip,37230,fbdadf219aa216bf1125a90ed8dc5c461294c4367167645f6d1a79f57477d88b,1
2026-07-24,THEUSDT,THEUSDT-1m-2026-07-24.zip,25856,076a9b65d55af20545ec8ad1ab914b9602a25a842efcb03f371fc57610ce4972,1
2026-07-24,THEUSDT,THEUSDT-aggTrades-2026-07-24.zip,47169,9e29eed510c6e66133216fc2a28e334415d82c414a46a5ebc1f13840ff770cf4,1
2026-07-24,TIAUSDT,TIAUSDT-1m-2026-07-24.zip,44044,72967cfc212722ae951c8927ad709555b1e914836dedfc7b63c1454f5e6c6ab7,1
2026-07-24,TIAUSDT,TIAUSDT-aggTrades-2026-07-24.zip,235927,ddeec0fd184bd310dc64f905f582f9231948a003155c86650b9f4025507dc035,1
2026-07-24,TKOUSDT,TKOUSDT-1m-2026-07-24.zip,25843,6790869d33598e6f2ebe241f7fe2111101123914fa15c4ae1dccebc80bcbdb28,1
2026-07-24,TKOUSDT,TKOUSDT-aggTrades-2026-07-24.zip,33017,f9a3e1b8fa7c87a932c69c076c4ad8f00918ba2404ea72bab472765308ec27fa,1
2026-07-24,TNSRUSDT,TNSRUSDT-1m-2026-07-24.zip,33420,3d174bcb8940c379b2bc4975b1bca214f69604a964c36a896774b8ce0fce5eac,1
2026-07-24,TNSRUSDT,TNSRUSDT-aggTrades-2026-07-24.zip,239697,21d27ae2a426dfc9e862c88a14c2c12afd64ac40bceeaa92db6e3ba0fa35ba01,1
2026-07-24,TOWNSUSDT,TOWNSUSDT-1m-2026-07-24.zip,34574,18bc9ee65f7f38f31591d6a6cfd500619739bf439b6ace66238cc30a07067ba5,1
2026-07-24,TOWNSUSDT,TOWNSUSDT-aggTrades-2026-07-24.zip,109754,d8173d8395718a81b8b459050c0a23407a8109e9b04a2dff22b7a86c14706fcd,1
2026-07-24,TQQQBUSDT,TQQQBUSDT-1m-2026-07-24.zip,15995,4694c42d884a4f8f4f53b5da68d37e2a73b674fd1f03a659a012c3e6e624a038,1
2026-07-24,TQQQBUSDT,TQQQBUSDT-aggTrades-2026-07-24.zip,50472,28405f2c30ccd6aed6399e577fd221a389c0b7ba4623d63c8ed82e622b61f96e,1
2026-07-24,TRBUSDT,TRBUSDT-1m-2026-07-24.zip,24300,e14353ef23a222333367114960e67e99fe3831cf949fcc9a8517b35d4209c9ae,1
2026-07-24,TRBUSDT,TRBUSDT-aggTrades-2026-07-24.zip,45470,1ca8bf819702f7bf482d01a25900f85265094db03043017b0bd4409a94e7dc37,1
2026-07-24,TREEUSDT,TREEUSDT-1m-2026-07-24.zip,28191,605ac17a25bff748e7a5d435d5a971a7072a0e04a67f517a7d8c2864f746e1ad,1
2026-07-24,TREEUSDT,TREEUSDT-aggTrades-2026-07-24.zip,65770,7fbb6c9bddd17405cc3972cce6f0fce2583b90d293600f5108a3a259e28e92c0,1
2026-07-24,TSLABUSDT,TSLABUSDT-1m-2026-07-24.zip,47794,133ad01f6acb4c4c2db812a9fbc056382256b5650b20905b2adf2b6c5f07ce0e,1
2026-07-24,TSLABUSDT,TSLABUSDT-aggTrades-2026-07-24.zip,856654,def372df4a7c46fc64a2043eef65673e24c4b923872a2087bd164f9d3e4a3ba6,1
2026-07-24,TSMBUSDT,TSMBUSDT-1m-2026-07-24.zip,25032,74fa6334f0bdb81fa3a44cebc8e67bf509c8d66bfb05dc89dea71b7e636c92e3,1
2026-07-24,TSMBUSDT,TSMBUSDT-aggTrades-2026-07-24.zip,86814,4c7b7e1e71bab9b917e3ad2883f592ae7fdbc0026abcd040f642506b2663d1cc,1
2026-07-24,TSTUSDT,TSTUSDT-1m-2026-07-24.zip,31057,cdf595b55ea5525d75f0ae2916b38fbad693e85571d676ecc7695c00a21c8248,1
2026-07-24,TSTUSDT,TSTUSDT-aggTrades-2026-07-24.zip,68577,e251cb6a1f89faa39851642d8ac1fb759fdeb0cf3d9557de814b312e78673fa9,1
2026-07-24,TURBOUSDT,TURBOUSDT-1m-2026-07-24.zip,28762,c5e2cd5be4d5e66d8e769da39ec91329e3dce96a66f6c4c88337e21cb92e97f5,1
2026-07-24,TURBOUSDT,TURBOUSDT-aggTrades-2026-07-24.zip,64515,663b8001682df5bd07e9e1425f696763d0244f4ff93ca041b9c2425988a3a1de,1
2026-07-24,TURTLEUSDT,TURTLEUSDT-1m-2026-07-24.zip,17827,2b7ce9d50c81ec03220857fd1979606c2ee943e34667232df1387b69ce4bf6d3,1
2026-07-24,TURTLEUSDT,TURTLEUSDT-aggTrades-2026-07-24.zip,19078,58dcfee82005e3b573131901d1bf49f5a809b4fd5899c89ddab1b3923a2c5fec,1
2026-07-24,TUSDT,TUSDT-1m-2026-07-24.zip,28266,806fb85af93896011c6a845471d0280140432a09342fff4a990bcb980e553495,1
2026-07-24,TUSDT,TUSDT-aggTrades-2026-07-24.zip,96838,68882916617c3f740f04f803a7d257b500917085cf8c178dbd8c50878aacdfbe,1
2026-07-24,TUTUSDT,TUTUSDT-1m-2026-07-24.zip,27670,5f36700aa7c8af352b5b16581f42fd67f27fd28934a3f853a76c044478c1d75c,1
2026-07-24,TUTUSDT,TUTUSDT-aggTrades-2026-07-24.zip,75714,6647bde7d5e3935c37486f66a4765011edeea84569f8d3bee96fc303252a54d7,1
2026-07-24,TWTUSDT,TWTUSDT-1m-2026-07-24.zip,17083,b76ed4ae7c88a3218ef36954f37f7b759329fb174acbbcae9d15bf403137adab,1
2026-07-24,TWTUSDT,TWTUSDT-aggTrades-2026-07-24.zip,20246,c0fd055cd7ba6c7d466f98082882b55afcaedad00fe6e3c45b6d29e5181b120c,1
2026-07-24,UMAUSDT,UMAUSDT-1m-2026-07-24.zip,13578,930bc37fcd2b443a7b92d333149c8ab0b5ec366c37e8d371e29ce0572c0b9ea4,1
2026-07-24,UMAUSDT,UMAUSDT-aggTrades-2026-07-24.zip,9359,24f0bc398a8f622325c4059048904bbd6b910bda90ee8473d9926f7b87c9c4cb,1
2026-07-24,USUALUSDT,USUALUSDT-1m-2026-07-24.zip,19699,74fabdf8b536eb45cbd3272de227fe88c691523a1386c96bcff29dcfd12937a0,1
2026-07-24,USUALUSDT,USUALUSDT-aggTrades-2026-07-24.zip,23704,50c85ce67ad51a6220a3513638fd2bdd0e73565a716f8c8141febbd02c2c0b75,1
2026-07-24,VANAUSDT,VANAUSDT-1m-2026-07-24.zip,53670,800376efa7f7468f5753b111b3479694074067d3790a7beae833494b6d6bfcf6,1
2026-07-24,VANAUSDT,VANAUSDT-aggTrades-2026-07-24.zip,3943987,fdaafdf0467e1055627128f5fbb300f543e06e75f7cd2c404fa68d7d8deea2ed,1
2026-07-24,VELODROMEUSDT,VELODROMEUSDT-1m-2026-07-24.zip,21659,1a470e057c622c36b8e6b3b32bd3a45909e7ffd685456ec341c97a1ddac6b16d,1
2026-07-24,VELODROMEUSDT,VELODROMEUSDT-aggTrades-2026-07-24.zip,39122,240172b5b681d80867454a5d5b2dff333ee2dcf60052f3271ab903c7b9386a1f,1
2026-07-24,VETUSDT,VETUSDT-1m-2026-07-24.zip,31639,5e1233d65811e652a741c1d17734a85b043033fb6e5df597ff53806c9b355882,1
2026-07-24,VETUSDT,VETUSDT-aggTrades-2026-07-24.zip,87073,13c2c24a65e6cba9b16d811b7e0c026f668b3e140db868c5cd4252cf0e760225,1
2026-07-24,VICUSDT,VICUSDT-1m-2026-07-24.zip,17580,e8265d4ac9a576c01bbeb886fcab59c94fb17b733f623abd5d3fb5658b66de5f,1
2026-07-24,VICUSDT,VICUSDT-aggTrades-2026-07-24.zip,31409,d84c5695ca6828067bd9caa9ce76deeca77889dbd183fd129202f4f8913da7fb,1
2026-07-24,VIRTUALUSDT,VIRTUALUSDT-1m-2026-07-24.zip,45548,ad5ce087801a637bb4a8bcd10978476551a6e4dfbd02df51b5b2d48056e4081f,1
2026-07-24,VIRTUALUSDT,VIRTUALUSDT-aggTrades-2026-07-24.zip,390948,78c3fe6d0d77e7bc1f1fefc43f6db06d7c81e131f80a711c5ce56a32ff2523d9,1
2026-07-24,VTHOUSDT,VTHOUSDT-1m-2026-07-24.zip,16292,0d15ef11b87abe59d4b065adf07ab425b16aac33da4cbb3ffe56b71164614254,1
2026-07-24,VTHOUSDT,VTHOUSDT-aggTrades-2026-07-24.zip,15294,e85569a24b9060eefafaf105a321d52453980c94199404b0df8fa6245b18512a,1
2026-07-24,WALUSDT,WALUSDT-1m-2026-07-24.zip,17585,f4090bcef1c46ecbb793a4b6a6e97247a722d1cbd723959685f22f68f417df60,1
2026-07-24,WALUSDT,WALUSDT-aggTrades-2026-07-24.zip,23063,0d03a7634e23593a52e13e3ad39c4891c83fcd51292b91d8763df7fef9c920c7,1
2026-07-24,WAXPUSDT,WAXPUSDT-1m-2026-07-24.zip,17673,aade29744b52285b13ac0467f0acd80af0baeb596447d412419d2dd17a6e7386,1
2026-07-24,WAXPUSDT,WAXPUSDT-aggTrades-2026-07-24.zip,18172,7c5b1f712f19607cc0512caf6853804bb9309dfab27d12ea94671dd3c40ad36c,1
2026-07-24,WBETHUSDT,WBETHUSDT-1m-2026-07-24.zip,42987,53438f3d4bd13e8abb229d0b014dc23574dd6f5855d5f1cc2c514db800deef76,1
2026-07-24,WBETHUSDT,WBETHUSDT-aggTrades-2026-07-24.zip,260564,d4e0ed2d673bbcb53e56629c0689614f899faa38aae0428ac506b5b2155bfdf5,1
2026-07-24,WBTCUSDT,WBTCUSDT-1m-2026-07-24.zip,43489,503699c0748f84c2b2c715ff4a400cec0f27fb3ccd380e055b252c721dcc1174,1
2026-07-24,WBTCUSDT,WBTCUSDT-aggTrades-2026-07-24.zip,125986,8928718c95155f269da0e3f1e967d65cef666787bec6c637a2f925ed2e0a6ea6,1
2026-07-24,WCTUSDT,WCTUSDT-1m-2026-07-24.zip,26628,0445851a1fc659a8e323d15eb66689edaf878a9d8bc301e32157f73669df877a,1
2026-07-24,WCTUSDT,WCTUSDT-aggTrades-2026-07-24.zip,65948,37a149ed790566e79e48b458100d57600af956a0d5322b6c7ea936132894a369,1
2026-07-24,WDCBUSDT,WDCBUSDT-1m-2026-07-24.zip,21418,bd19a677aefc6d3cfdbe653e8b07ce9de69d22cf56daadd85bfe4b2c1e45d375,1
2026-07-24,WDCBUSDT,WDCBUSDT-aggTrades-2026-07-24.zip,29216,280fd665b22ca35e761aab3f207999ee4ae6ee1ccc1549d4670bbcdae3bfcfdb,1
2026-07-24,WIFUSDT,WIFUSDT-1m-2026-07-24.zip,35031,9ec275b51c435d63462f6a7546321a7a50c4f35e13de31e99af962dd4ee80f6f,1
2026-07-24,WIFUSDT,WIFUSDT-aggTrades-2026-07-24.zip,100154,020d5cec4aa5f023a859101c541ec67f312524c41ae32f49b5b686b8b753e5b1,1
2026-07-24,WINUSDT,WINUSDT-1m-2026-07-24.zip,41000,9b2689e3c163c6685c158adf51684833e3d0d9613fd5b056b297b64e3f3da1db,1
2026-07-24,WINUSDT,WINUSDT-aggTrades-2026-07-24.zip,112556,a69efe6d0ed27934e0f1ff7e3a0239f6158194dd6456af91d1cd48c441459fd5,1
2026-07-24,WLFIUSDT,WLFIUSDT-1m-2026-07-24.zip,40790,2f51fffc2592623c030d9648118ebebe0e0a732147cbb7a657301bde23cd58ae,1
2026-07-24,WLFIUSDT,WLFIUSDT-aggTrades-2026-07-24.zip,339577,55be82d4600099779a5e2e7f520f0c94be16073ea44af7cf65b2ca7ba1e4a1c7,1
2026-07-24,WOOUSDT,WOOUSDT-1m-2026-07-24.zip,17228,7ffd4d2f335065dee70951f99296a559957f814f80673f474ef654bebc878630,1
2026-07-24,WOOUSDT,WOOUSDT-aggTrades-2026-07-24.zip,13854,a2d1f7f254d0dab5afa19fd77e9530c47c845f17f067b0348b78b2a582cb4002,1
2026-07-24,WUSDT,WUSDT-1m-2026-07-24.zip,28614,1676843be4f9f01a57f9b9a1a2c99467e5501f9840d684d92018baa4a4d922ee,1
2026-07-24,WUSDT,WUSDT-aggTrades-2026-07-24.zip,58057,d2b39b6fd4f3e42f9e2a811b990b38a8b00c7b6158c0dce00cfb478a7bd1d3b6,1
2026-07-24,XAIUSDT,XAIUSDT-1m-2026-07-24.zip,24354,6666cb9e922c2ca4306ea604951da4f078dfc75e29b452efcf16a2541307d049,1
2026-07-24,XAIUSDT,XAIUSDT-aggTrades-2026-07-24.zip,54385,27806599956f50fac66f005c3875c17841376d1dd1c142ef529ab154aed95f33,1
2026-07-24,XECUSDT,XECUSDT-1m-2026-07-24.zip,40247,0720cce8006c2e01315e11b3c9a66b47213d8aca478cb762381864f199e3bc03,1
2026-07-24,XECUSDT,XECUSDT-aggTrades-2026-07-24.zip,118452,1ef3679a264a679bc5ef61a8afed265985c64fd7869d1925c15027671c1f812c,1
2026-07-24,XNOUSDT,XNOUSDT-1m-2026-07-24.zip,27859,faf77fb9a5b2f04038d37dde2ef37d228b6c77b8342fb32317a7b339ee16db65,1
2026-07-24,XNOUSDT,XNOUSDT-aggTrades-2026-07-24.zip,55655,93266dabc457cf04d11b9e5a8c3d9595feb0de912af1fa461f328724e4a7a446,1
2026-07-24,XTZUSDT,XTZUSDT-1m-2026-07-24.zip,29961,1ded8970898310e40a52cc46d1eb8889a22b2e2d6054f5deec72aae5c9d097a9,1
2026-07-24,XTZUSDT,XTZUSDT-aggTrades-2026-07-24.zip,83703,ac408e673ace3e74a2597064e23d75147b686459c22d9a68a611e22cfcf85767,1
2026-07-24,XVGUSDT,XVGUSDT-1m-2026-07-24.zip,28320,8d52bc988f27451ad304659c04789dba9837f2442f0b3144f58b4f2169ada679,1
2026-07-24,XVGUSDT,XVGUSDT-aggTrades-2026-07-24.zip,54491,88d123da708118b69421031784b085f64ccaa5b6d02e9550693ca8af45dcfb2c,1
2026-07-24,XVSUSDT,XVSUSDT-1m-2026-07-24.zip,32966,b1553cfbac12ab4427fb6b295d72299bf2827a40dbeab53ac0f4a515bd1e0a4d,1
2026-07-24,XVSUSDT,XVSUSDT-aggTrades-2026-07-24.zip,111992,9614f52c4e8e24765b6a78b39a1569ba6743a91c4f644cb08af0f59a3cd4e65e,1
2026-07-24,YBUSDT,YBUSDT-1m-2026-07-24.zip,26858,fd7e4e65196b0808baac8e2145535a32d02293e5cedba920a0dd90428fe20ccb,1
2026-07-24,YBUSDT,YBUSDT-aggTrades-2026-07-24.zip,54231,8d48a1e0275c1b1a35eaf1d3623331b1323c2f12edad6638da5cf79ab5ca7407,1
2026-07-24,YFIUSDT,YFIUSDT-1m-2026-07-24.zip,20483,a9f87b1166a54022ab3742c78a373d1435fd12a4399cc82defa7cf61cab27588,1
2026-07-24,YFIUSDT,YFIUSDT-aggTrades-2026-07-24.zip,22985,c244c2209ed124ab5ca63a7f57af5eb00a2622730ec20292c4696f9142aea11e,1
2026-07-24,YGGUSDT,YGGUSDT-1m-2026-07-24.zip,35976,b5b6b69165d2be3cda1f9ff0404a79d77b26a784e4d226a480fc3740f4082021,1
2026-07-24,YGGUSDT,YGGUSDT-aggTrades-2026-07-24.zip,122284,c3cd0cb007e0b190fabdc7c693ad2ba218af65beb750c43e1d5427e7fde22b33,1
2026-07-24,ZAMAUSDT,ZAMAUSDT-1m-2026-07-24.zip,56693,3754ba6bb8a5972cbf5397663d940afea54d337cfd32f8fab12e9ee5d69cf66b,1
2026-07-24,ZAMAUSDT,ZAMAUSDT-aggTrades-2026-07-24.zip,3040205,b06d4d5cb71c65891083d7927bff1594ca09baea262853f82496095d9a8337e3,1
2026-07-24,ZBTUSDT,ZBTUSDT-1m-2026-07-24.zip,45291,2e238107437258b89f908c98458d961c52f3677029772f295abc0f79d89530b3,1
2026-07-24,ZBTUSDT,ZBTUSDT-aggTrades-2026-07-24.zip,267155,a528ad3f55cfc57731265ce8acb351ee2e82a053bf0371001d1a5c8b3840d034,1
2026-07-24,ZENUSDT,ZENUSDT-1m-2026-07-24.zip,30679,bc0bb8027a431ad518224a670b2695548952f6602e9b2ef115e8e958d3297a41,1
2026-07-24,ZENUSDT,ZENUSDT-aggTrades-2026-07-24.zip,78464,2c3c161bf20fe51399725682457c856d2499a9e10eab9106ce17ef196f880542,1
2026-07-24,ZILUSDT,ZILUSDT-1m-2026-07-24.zip,36126,e797e2dbe94233a90109ae8b5e18aafc8261e7a8d00e4e7aae2d693cce205356,1
2026-07-24,ZILUSDT,ZILUSDT-aggTrades-2026-07-24.zip,108915,feeb94fd30eaee8522223f66c7ea1ca64d446958c0a23f4ae3c032215649a36a,1
2026-07-24,ZKCUSDT,ZKCUSDT-1m-2026-07-24.zip,25303,0cf467027f145c5b6e8e01d39cd66fce934652589331a01404f0ca744a7bf485,1
2026-07-24,ZKCUSDT,ZKCUSDT-aggTrades-2026-07-24.zip,72951,c85499012bea77e15b02a62e863c54645a62dd2d40f9c5b377ff2666777972da,1
2026-07-24,ZKPUSDT,ZKPUSDT-1m-2026-07-24.zip,19271,ae076e614d49f823e306a87d6d8c5a2256c72548ea4b910e5a2c5ecc3b409339,1
2026-07-24,ZKPUSDT,ZKPUSDT-aggTrades-2026-07-24.zip,22143,93f0ffc43bb80a8762cace55ecd1eb2302c16ddbfdd8e3aeecb0658710dae915,1
2026-07-24,ZKUSDT,ZKUSDT-1m-2026-07-24.zip,26537,72cad8eaa2eacafa9ad60b0a607a9dc49db3ae0885bb969cfc3c6081d391f51d,1
2026-07-24,ZKUSDT,ZKUSDT-aggTrades-2026-07-24.zip,54205,7b487c5bc0bde0af201315354e137e027e0781dafcb67b704afdb79d6fb08002,1
2026-07-24,ZROUSDT,ZROUSDT-1m-2026-07-24.zip,38257,49a0226806a459c08871c54ecd79ec5170deb944a88ccfc69082acc68f93e3ce,1
2026-07-24,ZROUSDT,ZROUSDT-aggTrades-2026-07-24.zip,179020,60ab5d6b16e1c97bce6b7ad3f423612c3a21ca694aa60cfb286350b4d24e5845,1
2026-07-24,ZRXUSDT,ZRXUSDT-1m-2026-07-24.zip,15037,c9a0f0cb8b0eeff75f8342270705240ffbfb2661da461329c3c1c7e4ce16b8fe,1
2026-07-24,ZRXUSDT,ZRXUSDT-aggTrades-2026-07-24.zip,11486,5b0bb127f2a65978e21960e082d7b2cc8bb6657639dfcf0bef647eeabe482041,1
